Time,Label,Impact,Price Impact,Chart,Source,Link
2026-02-15 00:07:51+08:00,Iran asserts uranium enrichment rights ahead of Geneva summit,2,Neutral,True,شفق نيوز,https://news.google.com/rss/articles/CBMimwFBVV95cUxOeVl0NjBIODVrV1NJZ1cwQ1lFaU9VRWY0LXlLSWo5QmZlbDRWN1NHMUZGbl9VQVZqdEZ1cTdQOGtoR08tSU9oMjRxN0ZPcERFZ0FxV214cHJNbzVvMXNzTDBrbEJBZWlTY1dzaU9SbG9aZ25WelZ0RDBEMnlqSmtaZDVBTFp0RS1DanJxODVNOUNhX2hQVGNpZjF2bw?oc=5
2026-02-15 01:06:09+08:00,Oman to host US-Iran talks in Geneva next week,2,Bearish,True,Yahoo News Singapore,https://news.google.com/rss/articles/CBMickFVX3lxTE4waW1scHY0SDRrZHZnRUlYcUpxV2s2STFHOE9ua2pZemhHOFdaYWVlV1VLclozT29wU3NCd1BRUnNJR2o5d2g1cXJDcXZmcnVWbmRCTE9tVkdWV1Q5dW1mQjRLNW5YSnZJbldRdjJFNUptdw?oc=5
2026-02-15 01:13:14+08:00,Canada wants Iran government change increases sanctions,2,Neutral,,Reuters,https://news.google.com/rss/articles/CBMiqgFBVV95cUxPalBQM3gzcFJtbF9qdHcyZm92amROZ2hiSGU5SnpIQkIyc0M0MDBqWU56R2VxWE9RanVyUnp0c2ZXLTVoMkEwNUxPZDFLemRuNExyQm1IRkZqeU1RVkdUczFCNGw2WU9GaDdWLVJWdEIyZktDa0s3STJMOWstVEMwbmJQMnI2emRobUJ0bi1HTW9vdWpsWncyTlFUbmNpUjFHMVUxSnJBWVVBQQ?oc=5
2026-02-15 02:41:50+08:00,Trump Netanyahu agreed crackdown Iran oil sales to China,3,Bullish,True,The Times of Israel,https://news.google.com/rss/articles/CBMi8AFBVV95cUxQZTkza2luZnZBX2hkR1dpOGJpaHhEOTRoOWRGeFQxUzZlWnZQQlpvZTRORzBLYnVTQTAySVZNQy05anJzcnNIOE9WSXpmWDE0WGFuSnhmSlJBNFYwb3hiU09DNE1PRDgzTnNOdnBpaUFIeHJicFR2QVgtYlNmNjFZSU5ReHVXaEpENEhkTENvaGFMSWtXekJyTjNmOG5SUk1jYjV1eTZqcnNaQzZfaUJKbTNrT3FxbWRWNThBcm5yVUlXRU4tTl9UT3BYTnotWWZQNmk4MzItMXp2RXFkX2txTy1IWmstOENrTmV5eGxxLVE?oc=5
2026-02-15 14:00:36+08:00,Iran ready to discuss nuclear compromises minister tells BBC,2,Bearish,True,BBC,https://news.google.com/rss/articles/CBMiWkFVX3lxTE8wLUdFQ0VCR0Jpd0taSTN6NVVkSFAwUmlqclRQWFhTTDNzOUtCRlV4dlFSUjBMSU8xX3loWGdNVEQ5dUN1UHRxZ0VudlZtZFZPTjIzRGdzQTVldw?oc=5
2026-02-15 21:51:42+08:00,Iran says next nuclear talks with US set Geneva,2,Bearish,,The Media Line,https://news.google.com/rss/articles/CBMiygFBVV95cUxOV0JhQmRUaUc1YnBTQ0EwOEw5a3hBb1pTcUZENW82SjFjaWMyZ1Nfak9SbUVOVEZBT1ozamY4VVJuMjdubDVFOUM2c2dwYTEwSWU0ZF9NS1ZLS3FlcG9hSGlrOGUxTXlQSWU5NnNMN2QyMUlNYzd2c0JCRk9faUN1M25Sd0YzZ3JmWG4ycG5CUkQwSEJSMmhFSGRCM0xvcU1wUjdvY3ZKMFVkRzBQZzZsc29MM05IM09DX25OUXlrRXMtem5OcG5FbURn?oc=5
2026-02-15 22:22:25+08:00,Iran says potential energy mining aircraft deals on table,2,Bearish,True,UnionLeader.com,https://news.google.com/rss/articles/CBMi-wFBVV95cUxQNnR4eTlvWTdrMVR1RmQ4X0pJYmUtN2JSbUFLTktIalZ1WXc0VmFseGU2b2E4UVBSRFFtc2FGUWh1XzFZTGlHSHR2d1JsUlluODVMN3EtOUlYNDh2ZDBQd2RORlgzX2lHdldsX0VEV0traWxDbldQbGNhUTl4MlVTTTVGbWRteWxyd1BoQzkyNFo3RDBMcEEwTm5YU3MxbzFSY0kwNUxsU2N6ODJKaEppeUFVM1dPWEhOSTg3SThhTm5teGhBZlhUUWdRQlZxNXhDZThwZTVud051cUZ0REswU293ZVc3STdrcjhTdzRrYjA5MWp1cVNUWklRMA?oc=5
2026-02-15 23:20:00+08:00,Rubio says US Iran set for nuclear talks Geneva,2,Bearish,True,AP News,https://news.google.com/rss/articles/CBMi2gFBVV95cUxOUjVJeUlMTk1jeS1mNXZhMV9JX052MHZMdVp1bHNVZmV1Q3hlbnZWdlhlaWFpZGM5a3BjM3cta25ibm9yVkE1LXlRb2FJWFY2UVYxY19rZXJWRGp5NXpVYnRaMnRVSkNLbElvT0JvUmhzQW1uOVpnaC0wUzYwdndBZEFhS1RoUmtJV2RLanVycWRhN0hoa01QY29CS21vTGtpWU1iTm5sVXRCbUZqM1Vscy1GczFqVDRiNklsZEptRnNubklyY2MwTlpWcU95Z0ZXRG1WVTJBWEtWUQ?oc=5
2026-02-16 00:03:00+08:00,US sends world's largest aircraft carrier to Mideast,2,Bullish,True,Fortune,https://news.google.com/rss/articles/CBMipAFBVV95cUxOM0hpWkM1UVpjZTQtcFJvV2xrYmVaclA3YmItdVpSam9XN2FZbjlnSnNZb05tSkpwem9fRERGd2o4d1RHcXlKcnM0eFFuUDdXQmFTQnBaU3Q0Q0dmaGtDcFU1ZV95aXhIUWszWWR0NExrSm42UmVKRlZacnBtODl4cTItelRucTZxWmxHMEJwZENoV0ROVG1Kd0M5N2I2ZEw4N19wTA?oc=5
2026-02-16 00:41:10+08:00,US intercepts oil tanker tied to Iran,4,Bullish,,The Jerusalem Post,https://news.google.com/rss/articles/CBMiX0FVX3lxTE1jMjItTFpHZFlYd2phMWlVamNVZ0phN3p2aG8zMGdJXzQtOU40TElzN1lDZkJmWEZnZDE1dTV3cUlOU1NBejNFbFZrVUZMUXBqd1NTMWxMWWhhQUhjMlFJ?oc=5
2026-02-16 01:13:35+08:00,Trump would support Israeli strikes on Iran ballistic missile program,3,Bullish,True,CBS News,https://news.google.com/rss/articles/CBMijgFBVV95cUxNeXkzekU5aHNrdG9SZno4QWpJWG9hOGpwSWN0eEV3dElOa1RMT1BnNDF2T0dFbTV3Mlh3b1ZfVDBoTmVyZERGODNEZjVZLWpvbElQcXlueHhoWFg1TUFwb0wtcm9kQ2RucjhwYWhENmVZa3RXMGlDa3FkUzN3NV96cU5jVlBDOFFtSjJhOGNn0gGTAUFVX3lxTE13eElPNTRUVmVmaF84TE8xNlMtak5ZeWpLbWR5V3lxQVAzZU0zNXg1UHZIb3ViYTlqVEJ6MUF6Tld5NGhsWVlKQkxudk9MUk9ZanF6QjFvaXFIcVhCMW14bG5pLXYwRUZSYlR4Ymh6WTlwZ2d5WGx0MUFucUlLNld5dkI3bjJiYzlWa0xRN1VLV3UtNA?oc=5
2026-02-16 07:41:27+08:00,Taliban warns may aid Iran if US conflict erupts,2,Bullish,True,The Jerusalem Post,https://news.google.com/rss/articles/CBMiakFVX3lxTFBJb2pBYm9zRTB0VVpwWUtNWDZDT3puOFZUZUJ3ZDEwYmxjcFkzQTd1YmFsVThQMHMyNWVGeEMtRlVKQ1VrTEpraWYtZFZ3Y0pFSEloSi1tUWRiYnRnQm5MT0J0SjBHNW5sNEE?oc=5
2026-02-16 08:38:29+08:00,Witkoff Kushner to represent US in Iran nuclear talks Geneva,2,Neutral,,The New Arab,https://news.google.com/rss/articles/CBMiiwFBVV95cUxQd0NvMmZXVUlqMkJqeVdSZXljMEdDV211NFE1WDctUDNIS1ExS3RYX0toN0ZTdkJWeDk5cmVHXzJMME1TaDNFZEJRRHhtc0Y1OFBYYUt3US1yMEx0MTZPd0NaN1NYdlhiQ2JPS2tGUHFxSXlkUzhodUVsZGRFeUxza1gyeVJtSnNHQkZB0gGQAUFVX3lxTE1oa3NMSmU2aS1LVF82Z04xVWJlSmx5RXFqc05pRWtaQ1BwU29DSG94Mm10RFZFWk4yVkZRblVCRmZrLXNLRm5NRDlsRTB5bVBVTVRzU2ZUYWpoRlpvMGxnakFtdFROZHpSOGJ5OW1Ib2JjTzdVbU93QUNjVndqU2xqLWhPRU9xVmQ2dzJ0d0Zxag?oc=5
2026-02-16 15:06:04+08:00,American Poseidon aircraft patrol near Iran coast,2,Bullish,True,Caspian Post,https://news.google.com/rss/articles/CBMihwFBVV95cUxPekFoYk5xblEwT3E5U2ZUTFdaUkVlbml1TkR1cGVOdzhPMEZXNFdERkV4b1poRlFNVDYxXzJpWk5TcHZsUVJJTmp4bWRGODhlUUthTWlTZDZ2Ym9WUjMtNDZldmtZSEpNVVl5aEVLS0NfbTNFaVRMV2ZlSXBlQ2swc1BZcU9BZVk?oc=5
2026-02-16 15:27:00+08:00,Galilee resident arrested for intelligence gathering on Gallant for Iran,2,Neutral,,i24NEWS,https://news.google.com/rss/articles/CBMi0gFBVV95cUxNQUd3dERfRER4bU95VDBqbWNxNzJKcVZsVzB2NFVkNWlnTVlwLWp6SzBsVHg1WHk1XzhYNFdwN2pzNjh5bndJUDdCdU1jWmItQzI2S1J3UGs3cUJ2Z3pwX0MxRmNIRHR5TDZ5LWx4TUtORDBYdEYxMlJ5b2VCOHRkQ3JYRnhpMkpIeWUyaTlMekNrUWV1RHBycGk3ZnNKdmY1aXk4dXZQRjhySTRscklsWWlVMk1UZ2NHYXkzNVVyOGVjTUg5RDBjcWpGNVpnZEZjc1E?oc=5
2026-02-16 15:34:16+08:00,Iran foreign minister to meet IAEA director Monday,2,Bearish,True,Reuters,https://news.google.com/rss/articles/CBMitgFBVV95cUxOR3l2UlJlZW51MFpTaWdXcFRCZmlhUWxvUlBLSElIRGFpRmZ5QmxCZkgzSGFXOWt4UGdvTG02d2R2eWh2X0tyNWVPUlg5d0RKUklKeHltNU9OR2YwTDc1bVp4WnRQbFh0aUdlakZRZ3NrcjAzam5aQ3RsRl9JWV9XOTdMMmJmYUpSWDd0T3B4T1k1Zk1Scy1CN0xqYVJUQ1VlYzU3UGZZLVg1LWhaYnBJWmJyZWJ3Zw?oc=5
2026-02-16 17:30:00+08:00,Iran proposes joint oil investment with US ahead nuclear talks,2,Bearish,True,Crude Oil Prices Today | OilPrice.com,https://news.google.com/rss/articles/CBMiwAFBVV95cUxPeFVkUk1SUlYwNnROSHVJd1J4ZmRBczVaNHRzVGFJY2RQOWJRSTFLU3VjYkZpQmFkT1VZTzVWRWpLZnhNdksxYndHRUtXUFF1eUlUd3hndHFqMXF6TzRHWS1YLTlWcVBmcjVvQXgtVjdUU0o5ZG10eVpPTU9EbkNHenE3aDhfZ0RXUFAxdWZCenhfR0RvZUpleXY3ZzNrV1V5TWRiN25IY1ZOYmo0Z1UtbzM5TmZEZDFRdVJCdXd4QmXSAcYBQVVfeXFMT2ZEcnJFLVJqaEwxTEwtdVRMV2pJYUNva2xoU2E2Uk1kTWRjejA2SVd0WFZJX1NYWlJXRVY0dXpPMGxTQ3NFUi1qR3MwMmZIQlB0VGlPVXpibmtlYjhpSThiZ2hocjgxVUxsdS1OQk9KTU1TY1NhR0gtbmgyVUthTW11NEhVRG9fQTN3SmQyWktNT1pMc2pLR1NUdzUzLWhSODRsOVFMSmpSMnpXVXFNX1BDYU8xaDZMMUNxcTdTU05leVhYWjFR?oc=5
2026-02-16 19:08:37+08:00,Satellite image confirms US aircraft carrier in Arabian Sea,2,Bullish,True,BBC,https://news.google.com/rss/articles/CBMiVEFVX3lxTE96N2VyNzViU0JVT3c2cEJNR0NPUkw5cGZ4c0VsbjQwNUxLQmpoX0VFLXJBTHA1YjFKalMzQXplcTdobENwNlJQSWstQkF5MVRmQmxYRQ?oc=5
2026-02-16 19:21:10+08:00,Iran conducts military drill in Strait of Hormuz tests readiness,2,Bullish,True,Hindustan Times,https://news.google.com/rss/articles/CBMi8AFBVV95cUxPcS1aWVNMWG05dDU0MS14c3RtVEpFZjN4aTByTEhEYjhMNFdlbVQ5OFZwR1Vxd3FrLUhjSmZacWlzT1hTQUtjbVpVSG9QR1hZbVk3dEd0UlZMb1JoVFJOMWtBNTRhVWZKQUJfRU4xRWxEQmZ3WFQ5S01PcFJUOVhVaU1PSlJ6c19JTG85b0NZRldveGRaXy1JR0VUYXhISDNBTWFrLXU5VjN1STNJSzFfY1Mwb1g5RG5UdVpaN3l6ano4MXR2V2VKNlhOQnNlODlMNmJLcE5HSThQd1c0em5tWWYybFo4Zi0wVlJxekUzNFHSAfYBQVVfeXFMUC1OWk9aanVmQUZpRUZscjhxclU5b1FhNG44Z0NOaF9pQk1nQkctX1hud2hhOUhmZ3NKR2U0MGtxcjFBdXZsRDlvMExmUk1VY21KbGVIWm94ZTFuYjc5djVIZHVwdTFkbTJzUDBWSmlyU01HX01xSTh3RExYU3NzT043dk5mcG15a1dMQ292Sm1jTzNpYTd5amNiNXV6dDNpZ3hMeWlJbmZnYk1BZnpHdmc0c2NwLTZzMzdVbFViWUlrM1BNVy1Bd0tMOGtXM2k4RlNsckd3OVNaaVNnUWljTTdOTVFxN2Z5alVDQTg4WFY3WTB4dktn?oc=5
2026-02-16 21:58:28+08:00,India seizes three Iran-linked tankers,4,Bullish,True,The Jerusalem Post,https://news.google.com/rss/articles/CBMiX0FVX3lxTE1fWFNyZFU0RDFhdVZoSXFLZkxOOVJHNUhiQ3VCWHJ3NW93TG9wWjJDZW1CRllSSTFubHpHR0RiWUpQU2xjaEVlNVNJSlRjSXRadGEwWVZ0WlY4YlNHMnpR?oc=5
2026-02-16 22:17:55+08:00,Pentagon restocks GBU-57 bunker busters after Iran strikes,2,Bullish,True,The Jerusalem Post,https://news.google.com/rss/articles/CBMiY0FVX3lxTE83eE40WWVMMjVPMldFRkozRjBLdlVjeWRMRnhEX0ZPNnozbnQxMkYydWE1M2tsSlE3NHFxVFY3aHBYbjZob1RBMFNRVkRhNlpOdUQxbU9rVjExS2paV1VnTExjMA?oc=5
2026-02-16 23:58:28+08:00,Iran says US more realistic on nuclear issue,2,Bearish,,Yahoo,https://news.google.com/rss/articles/CBMif0FVX3lxTE04WDNNUFZuaFl2ZThRb1dkUTNqQjdLRE1EaUpKdzktWXB0eGhFWTBKQWdkVXJYMW9sYjZPTDQzOFI4UFpvMVYtVUM0WU9hTXVHcnVRSGdIMTBITGRHZUZybUhjWlpROVFjM0lTbWhySkRwOFYyWDh6dTJGcjJlUkk?oc=5
2026-02-17 12:07:48+08:00,US moves air naval forces closer to Iran,2,Bullish,True,SOFX,https://news.google.com/rss/articles/CBMikwFBVV95cUxOQU5mTWxRc3RYVjhIYk9qWnVkUW50eDdBTWpVSlZ2Z1BCNXExWGx1WlR0VVhVdmJRUXlQcmI0aUpuYS0taFZ5b0NhcjEwNlVWQkJ5dEpVNDAxSUl0bHhpVkViMWxGbm5ZcjhaMVBxaEZEcUlLWXlyZW1DSjFVYzN1cHVJN191MEtaMHZiMVdmRmdrNVU?oc=5
2026-02-17 13:04:05+08:00,US Iran to hold second round nuclear talks Geneva,2,Bearish,,WRAL,https://news.google.com/rss/articles/CBMingFBVV95cUxPUHUxcXAzX2V6enNRZGg5SWh0ZHpiV3VOMVZFbWVnamlGSEdaS1FJU3U4T0dkckZ6TW1kQVV5WUgwZlBtUzhVQVpTZEx6aTVQQnltQ1lEM3VlaDlXaFptOWlpYUktTEFMRlZKclE1Njh6bjF2cWo1WXZVdXVGYVJKY2tteVlsTXRsa1Z3cm0yTWNsZkhSc2xzQldmYmxvQQ?oc=5
2026-02-17 13:07:25+08:00,Iran denies link to three oil tankers seized by India,2,Neutral,True,WANA News Agency,https://news.google.com/rss/articles/CBMifkFVX3lxTE1PN1NXVzk5TDJGbHJwOHU1SjNzOE1jejB5a0p0MXFiZWRJLWliaGlRZTJ2RFNZZmFGM3RRemtpQUNYMUpUYnVwNmw3OU55eFhCSzNFS2Vmdl9tU2dibS1rWFQtSURZc19RVjVQLWxQZHNKSUpjV3RlVWFvZm9OQQ?oc=5
2026-02-17 13:14:21+08:00,Trump says he will be indirectly involved in Iran nuclear talks,2,Bearish,,BBC,https://news.google.com/rss/articles/CBMiWkFVX3lxTE4xdDdRRFpFZWpxWHowVjZXa1pLY1dUdW1HSmpKb040UmFYeEVmRTRwcjR0S3kzb1Z1LTVBR00tQnlJZmllQXo5NHpDdTR5dnlLYXlvYnNHQ0Vodw?oc=5
2026-02-17 14:58:27+08:00,IDF steps up Hezbollah strikes amid Iran tensions,2,Neutral,,The Jerusalem Post,https://news.google.com/rss/articles/CBMibkFVX3lxTE00Tnh1VC02anViaHBDT2lSOVRvcmNFSVFRaC1KWW9lSnFiamZSWFd0eExJb1UwUnBCQ0g4Q2dsSGVaMlZ6bVBZS3h0Vm9CM0hWVnBiV1hpTkFBc25oanI3LUhGM0JSR2tWU09HN3dn?oc=5
2026-02-17 18:36:13+08:00,Iran fires live missiles into Strait of Hormuz during drill,2,Bullish,True,Northeast Mississippi Daily Journal,https://news.google.com/rss/articles/CBMi-gFBVV95cUxPZDVvSy1VT1lpWXpJYnROcDBnME5MTHU5aDdBUGNuQmpQYmlBWTFsNE5aYUh0ZEN1djhBa2pPcUdKYzcwSGlPTk81ZE15dE0xWWp1dkhVREFmX1hPeTAxX1pua2o1SXhUTm1HcmZoQ0lQeVY3M2pJSVpYRlRkaTMtSk1UZDdURlBfM0ZaaW5ySml5a0ljdzhKWXMtSzdGQ3NyYk01cnJLRGd0QnVFY01xRW5MbFYzd3BRZ252bllZbFA1dzdGdktBMEMxbnYwTDFNM1owak1DVWRWWWJtTXVxMXp5N1hRNHZJVXNFaU5TQWhqLUpLZnFOUTR3?oc=5
2026-02-17 18:39:13+08:00,Russia China Iran deploy ships for joint Hormuz exercises,2,Bullish,True,Anadolu Ajansı,https://news.google.com/rss/articles/CBMitwFBVV95cUxOa0FsQjc4V3NIcm1YQU55V0E1VlJ5dVhoNlZENnZvU3pteHV5aTE4VndLS3RsOTRWTmZLc3lLSFZoWnNRYk9pdnVfYXZCdkVKXzcwNWVUckpwTXFPUjJ3UVhIVVA0ekp6UnJnQmtNN3BTbmc3MHQ5ZmtHbVFpX3YyOEtydGdUUGZXaGRMQ0k0RXFnckY5bkZyemsxNS1SbE5VUnRVZkZrU0M4VFYxMFhXVnR3TUxPTzQ?oc=5
2026-02-17 19:38:19+08:00,Khamenei threatens to sink US warship as talks start,2,Bullish,True,South China Morning Post,https://news.google.com/rss/articles/CBMizwFBVV95cUxNcmpVelhubjkwNDBmVWhEcndiQ21pQ1g3Z2lTNTNldHBiTUFBODlEZ0lRWVBlT0poeXN0eTVHMDBVWmtJY1lzWVo3S21nS25VSEd4ZWhoZWJ5SG9SeHdKQlRrTzNiblJsSXZIYVZEUko4azd5cngwMmxlc0haZEJGeGQ2UEhkQ1ItZjNzWmxJeGItVnBkTHhCNmMydHNhSEQzR0ZRdm5hVTRsYVREaThyc3RaVWpXU3NnN2Vqb0JWLVRCbk5ZLURsZWNyUWZxVGvSAc8BQVVfeXFMTlJCWElqaW1lU2VrbEttaGRULW5RdHR3Skk4WkFpS0l0ZWRTSVZjbWU2NFZWTzdrUGJLQjVKVmFTUW1aNmJkWXo2NHVlWnQyUTdCS1g4QkJZNlh6Z2JaVVRMVms0ZGFUMEJlZzNDdkhCQURKVFJkaVhFbkpYM3M3UVNCRk1rWTdsaEY4UjZaaWd2ekdKMGdyNFduRkkzOEtTdG11R0FVQ2FITHg4RFVKY3pKRnRRNXRSdmctd1B4bkFIVXhSRXA3UXhXcjNrQTBn?oc=5
2026-02-17 19:43:47+08:00,Iran closes Strait of Hormuz for several hours live fire drills,2,Bullish,True,Ottumwa Courier,https://news.google.com/rss/articles/CBMigwJBVV95cUxNSVNDTGhoM2RQTHZ2U3pLLTVHM28xd0ZYUUV3LWFNRlh1ckQ0ZjI4bldEYl9ZZ0gtaWRLbFlya18wRkJibndSUzZpMU1QR1d4TUFBZGlTR0twMHNBTWNKVEFiUDF0NFNmNzNLaVhVVVUxNHl0bG9VMHVPZmgtZW55SGhhWmtrSEw4czJaUEhRTmJBVVIxN0xIVFEyUllPcUJyeVVOel8wcmFQM1V1Zlh4dVdhanFhcGdKdzBDR3M4WDlZQWZPQmpDUk5MMl85bk9ES09kY0FzeHlEWWxqMm1qdXRHWFd4MzdfOU9mTFN6dmpyUTlBYUpjM0EyTDdfbTBBS0pn?oc=5
2026-02-17 20:18:02+08:00,Iran US nuclear negotiations enter technical phase Iranian media,2,Bearish,True,Anadolu Ajansı,https://news.google.com/rss/articles/CBMiuwFBVV95cUxNOTdzNkhuR21IUjEyNVA3SEZfOHlCdTFpRWphX1lpY245dVBXbU90RFptZC14Vl9vX3UxbWxWSU9EdmtJVDM3dnF4cFBBZ2MzRi1Qcm5WYmRMUk9kVWF5cWFsZjJBcXlWZEFTV3hfUV9VSkRmT2h1SkJscHo5RVc0eURVSFVORlFyVzIxS05ZT0YwUWFPNFh5WkV1NE5tMXlhN1R1Y3U4VUZ3aDlGLVZPZk55UDJwbXRNTTdB?oc=5
2026-02-17 20:56:53+08:00,Second round Iran US talks end in Geneva,2,Neutral,,The Times of Israel,https://news.google.com/rss/articles/CBMikwFBVV95cUxOQ1VRUXdJVnYyMDlvYjhFMWZwdl9XSDRGVV9mTDlQYzF4Q0NkcExkOWVxdHgtNEhrM0FzdXItUjdNSGJ3bXZqaUVDclBGM0loWHU1RE5GOWZNZERkNDJWcE9SNkpONnk4dnlacjlYbTliS1RLeHFqd3diYlVRaVpMcjhSSmV0QUhkYnBLYXlZcTN4YzQ?oc=5
2026-02-17 21:20:09+08:00,Detained workers vanish into IRGC facilities at Iran gas hub,2,Neutral,,The Media Line,https://news.google.com/rss/articles/CBMirwFBVV95cUxQT1Q5dVNjTXgwTGQ1RDIxVHp4ZDFaNmptVFJUZHkzNTF6ZFlPUjFycllFQi1WMlRNMGdZZVhOTHNMb3NOT2IyWmIyMTZCN2lGWTVUbmx5c09xMy00VEVrZy1LYmttZUprSXcwT1d1Wm9oaHdGTTdNei1pUG02VnZ3T19LRnFFRDdRZXpjeWxmdUF1QmIwdzJ3dmJuT2dVc1NKaDNtaWVlSW5QZ1prOVlB?oc=5
2026-02-17 22:23:00+08:00,Iran US reach agreement on main principles after Geneva talks,3,Bearish,True,i24NEWS,https://news.google.com/rss/articles/CBMi3gFBVV95cUxNdW1UZ2pnOXRXN1czaVpCR0RMY0lrMWNnMWFhQ2dmakgtVzZUZDdrcmZ3QTgxNW56YXNDZHlYLXI3RW53REFoZWZockdXNUZpNzhxTHJJMXRFMkJyMXJBNDFHMGZ1UGpPVGJ3OVZUVjZ1WnBFcjlodGU2TjExcC1uMktIMi1sRUduano5WWdWTE55MHI4QnVreFhwRUpQYnhUdzJoZWEwemxhY0RqN1NrV2tMcmF0akttVndUdkRJY3ZOY3FQQzFPQ0lBa0V1LUljVDk0QkRzbGJLNmlhOHc?oc=5
2026-02-17 23:45:13+08:00,US surveillance jets tracked from Alaska to UK air base,2,Bullish,True,BBC,https://news.google.com/rss/articles/CBMiV0FVX3lxTE5NanBIYndUeWY2OWhiYnZ6emtXZ3d0Nk51dWJRN2YxNXF5UUJCdmxycmRtekEwTXF4elZ2ZlFySjNoU1JNb0o4amF5eEEtSFAzMFdFX18yVQ?oc=5
2026-02-18 00:41:39+08:00,Iran to offer detailed nuclear proposals within two weeks,2,Bearish,True,The Jerusalem Post,https://news.google.com/rss/articles/CBMiakFVX3lxTE03WHhuaGdGZ0cwTkNXN1JqV0djQkZSSm1pRU5YSnpSVVQ4dHRtcGJ2eHhFaEV0STdZT3hyZVM2S2xJaEtCNmhDX2poTjZvRUZMcEJBaFk0dHpIOXpmazlrT0hfMGZ5SE5RYWc?oc=5
2026-02-18 02:11:52+08:00,US sends over 50 fighter jets near Iran,2,Bullish,True,The Jerusalem Post,https://news.google.com/rss/articles/CBMiakFVX3lxTE9ZdjBIWXBFNS0tRnFFeGZKUVlxV0hrTDdTaVREM3MwczRXY256d3FBOXpWWlpwTi1IQTFJdVdMSV9ZM1hEeF9ENmhxcS1MQUEwaW5RTldvZEpDajdTSTY4VXJyQ3l4Nlo2M2c?oc=5
2026-02-18 04:10:08+08:00,US sanctions on illicit petroleum traders supporting Iran people,2,Bullish,True,U.S. Virtual Embassy Iran (.gov),https://news.google.com/rss/articles/CBMimgFBVV95cUxNUzZOZkt3T1NYUkJmZFotTGtlRV8wRlgxNzVnMlRkZjBmaHUxVFRGckJhRzVkRHM4Q2p3M0VCWVkwbWc5QnZIdklEczUtanY3YzZKd1lkczd5Y0FZZERQRm1QMHdsS2xNV0RWMm9LYnFJcUx6cU14bW5uSlloSlk2bmYxeEVZdTJzcWUwT0hQN3RfVFVnS2xJRk1n?oc=5
2026-02-18 04:10:08+08:00,US implements Iran-related UN Security Council resolutions,2,Neutral,True,U.S. Virtual Embassy Iran (.gov),https://news.google.com/rss/articles/CBMiogFBVV95cUxPOG5MWmhnQV9td3B0U1VranRnZUJiaFlLUGU5UjVUbVpkeFlJeGc5OEU1X29ZaktYRWdXSUtjbVkzcU90V0dlN28zTGNacGFnejhtemp2elFRbVhWWGRKdThuT21OckpyTlhzRzBWOWtzdVVzVkZxN21CQzZBTHlVa3dRR1B5YWRlU2JISkZBWm1iZDRYV3hBT1NrNnktOXlhbUE?oc=5
2026-02-18 15:31:53+08:00,Iran Russia to conduct navy drill Sea of Oman Indian Ocean,2,Bullish,True,The Times of Israel,https://news.google.com/rss/articles/CBMiwgFBVV95cUxORzFGWjJhbjJnR1lRUUxGcmhFV0s0ckNkMUx0b0V0dUVlYjRfczl2N0lzOVZVaDRZTGxicWFZOWVPS0wyZ2QyNW1wZWxEMkZGcUV2c0tlVk1pRlNwRkcxZ2h3NWVWU2VfUmttRDBTMktmT0hTUktRV1lXekNscll5WS0xUGZxalNVZUROeEw1bkVUYVdLNUtPNUlHNGJYNzdpaURKOWV5WU13VWVJdldyd0RIYlJPeVJ5M1dUS1F5U3hJQQ?oc=5
2026-02-18 17:47:11+08:00,Iran proposed temporary suspension nuclear enrichment in Geneva talks,2,Bearish,True,thecradle.co,https://news.google.com/rss/articles/CBMirgFBVV95cUxOQXdXUjVBOENsMTRYNnBLZmVMQ0xUUURzVG5EcWhHOFlRYUw1RDA1ck1UbEFDakRoMU56RVlZZGRGY1Y1SGhNWE5xbkFCV1pNaXBfLWFBbE1sNHU3aktJVy15OUlHUU5lRElieGVDYUZIVzhmSDdQRlJsMUwzX0xTaU16WXZTUlo5bUtTNFd0amx3Y0lLX3NXY0s0U0xRMWVnR2k3NTZWM1A4TkdCM3c?oc=5
2026-02-18 20:12:11+08:00,Iran resolute in enforcing partnership agreement with Russia,2,Neutral,,Caspian Post,https://news.google.com/rss/articles/CBMikwFBVV95cUxQVXNjUHlkeTZSM0lMZ3lQbFVCR28wTFJKcnJTUV9iZEUxTzNERFVzMlN5NURaOHNuSFlfaU9PcE5FUi1wVmoyNkpkTUZxM3hSSEtydkFmOXdUYjNHUDVXM05oLVlLSTN2bHBlVWQtYzczU0lsNE0yTm9XeVhpN3RpdzIzMmdNeXJHMmZmTTRwbG1Tanc?oc=5
2026-02-18 20:14:44+08:00,China and Iran redraw fertilizer trade lines,2,Neutral,,StoneX,https://news.google.com/rss/articles/CBMilgFBVV95cUxNOXBXQ3lyX20xbDF3TXU0R0V1d21TREJCS1BsMGVNTW05RkM5NEktMURPbHktc3U2V2xPM2dqM2xwS1poSTNrZHdWMjQxcmhKLWo1UmxoZlpLN2xSZ3lRRzlZaFowOEN5QUM3N2VnWUo4ZjRQOTFWNGNyUWsxU3J5RDBaM2RaTUcwNzg0N285RmQ3clBEUEE?oc=5
2026-02-18 20:57:00+08:00,US Iran offer contradictory accounts of nuclear talks,2,Bullish,True,Semafor,https://news.google.com/rss/articles/CBMinAFBVV95cUxOb0Y1eE9HSmhBZGZ3UEZTdEdlTkI5WW8xLXFMMW9CX2FCVTR2V0pCd1RZckstaTNWRV9BUFV2R2FHR3A5QzFwNmhXLVBfLXMtQ1RTRXF0UU5yRVNweW9hTGQ5dU1OZXo1bVNwb0NNZ24zcGJodWhjWW1jTWRmY25GVEVkWDhvYV9sM1BDZFJYSkZMRnVKcUJNeE1Kc1Q?oc=5
2026-02-18 21:21:50+08:00,Satellite images show Iran repairing fortifying sites amid US tensions,2,Bullish,True,Reuters,https://news.google.com/rss/articles/CBMizgFBVV95cUxNaFpoXzNQYk41d3Y2STlKVXZpREdtc08yMjExY3htWUluYjR3ckpmbWtYV2wwQlJXZlBMQUtETG1DLWduc3ZwMk4yU0Fjc0dBa1RmQnZWUC1lWDdudTVwUUN2REk1Ulpac3R4Q3U2OHplWjdtRlpSLTJmZzEycko1UlByLV85N1JWRnlnc3poTVQ4X0lrSzBhNkpzMEVTYmQ5SkR3ZW14bWNjQk0wZEtPeGF6ci1MQ3FYSUpOOUNjNnQxbG5Ua1ZfSzdZVkJadw?oc=5
2026-02-18 23:17:36+08:00,Explosions reported following fires in Tehran,2,Bullish,,The Jerusalem Post,https://news.google.com/rss/articles/CBMiakFVX3lxTE0wTFprc0tqYkotdlNKS0k4UHNpV0UwNzA2ZlkyU3Z0ZmRvVlpXNmlhellkdWxFZ1FKQ0NISnpWald5MkRENFU0SEhncko2bUh3d096ckY4M0ctTk5IZ3hCeUZHRVBTNzNnN3c?oc=5
2026-02-19 02:14:39+08:00,Iran security official appears to fire on crowd at cemetery,2,Neutral,,BBC,https://news.google.com/rss/articles/CBMiWkFVX3lxTFA2MW4zcHpCOXl5b3cwLVRaYWVvWGNmNVIzMWU4ZGtVWER6aVpaR1pmdTM0NGd5SnF2UDYtZEJWd3lmMTdtaC0wWDdZNEloTW1sOXFaaWdtMllLZw?oc=5
2026-02-19 02:52:24+08:00,Iran officials telecom leaders restricted from US visas,2,Neutral,,The Jerusalem Post,https://news.google.com/rss/articles/CBMiakFVX3lxTFBWRFVoMEd6Z1p1UkdfeEVERVBhTVNvOWVLd1ZsU3RyVlBYekY4cGJ2T1RNUzg2N0ZtSzRmUDRqTW9BY0JPcjBUdExTVHdzMXNDWUNFNm9aZURnTmhtd0tzdU5VMFFrV1Y5UVE?oc=5
2026-02-19 04:08:37+08:00,Iran issues NOTAM over planned rocket launches Thursday FAA says,2,Bullish,True,Reuters,https://news.google.com/rss/articles/CBMivgFBVV95cUxORWpDSXk4bUptVW9reXJhLWh1WDRsdlhqdW9YcWRjN0d1bVJudTdMSzdhdk5Sc0xlejdRal9iQTlta1hqWkZOX1RhdTlycExTbG1pLXRzb09KNFdkVUNoeV9xT0lrc29ReUVBRmFTYXhsc3pzRWxSV2lTS0FlYVg2MUJRLWJWRXBBaml3Yi1SMnRGV2drV2pDczJSSVFpaTZEVmt1Wk9sU0V4emo3V2NqZXo0NUR0bEhpTFNYbEVR?oc=5
2026-02-19 05:10:45+08:00,Trump says Diego Garcia base could be used to strike Iran,2,Bullish,True,NOTUS — News of the United States,https://news.google.com/rss/articles/CBMid0FVX3lxTE9ZVUhicHdtT0RFb25KWng4Z3RROUV6Y0xUSTlQQWRQeTNIU2RzejVXUlFsc2ZFQmlpVFYyTUp2T2dYRlAxTHVaSzRkTHZkUEcyTXdfSkFTelB5eXNyUFRKdG9zSjVXY2x3VVZpVGp4OTBKaS1iNl80?oc=5
2026-02-19 05:41:50+08:00,Iran expected to submit written proposal resolving US standoff,2,Bearish,,Reuters,https://news.google.com/rss/articles/CBMixwFBVV95cUxOZTJvLU9hMlQ0Z0phNjk4X1ZEZkhqRkpTMDFHVV9UbHhfZWhJcmRDU0YwZ0dFTUtUNG5QS0xubnpYak16ano0amtpcFNTdlBJbm9kakt2NnBYRHY1UVpCeUE3RXc2YnB1WWVZbEFWWTZWLVdSYlo3U3lSaERBU3lBZ0Q4QlhubWYxdnFfSU8xNGU2S0daclVLNTc0cW1rTjNJMFVVckw4dnl6ckhUbkswV2xfcWRHUlFaLVFRb2tnTWdjSGxQOExJ?oc=5
2026-02-19 06:46:31+08:00,Rubio to meet Netanyahu in Israel February 28,2,Bullish,True,The Times of Israel,https://news.google.com/rss/articles/CBMiwwFBVV95cUxNaDZIbi10Ykotak1zT2RDVHNtT1otSm0weWtHY0NfN2pSQ3N3d25hZkE4Z3psSWM3TGFTYXJPMU5MTldHR21SbTE2Y0w1TnY5TmRpbDNQWDR4NndEWWp4aDBBbHhGZ2hLaVJYemdjYzZMRXFRTlRUOXJQZU0xVUNaclltVGpsYi1iOXhNY3ZqYm51ZGtpM1pGTlJLZGxjMUFWWEw4cHEycHNrSGxlMzBMN2xtN05KaXVUYUFKT3VBMWFPblU?oc=5
2026-02-19 08:45:13+08:00,US military moves into position for possible Iran strikes,2,Bullish,True,The New York Times,https://news.google.com/rss/articles/CBMid0FVX3lxTE1GS0w4ZEoxV0NRZDdZVThBWjhVUVNYTkpPaXRqMjJZMm0zd2NybWlua19PMFBsYjM2ZUhNRklscGFBWnNSSFJLQzBjVFJGV3hFdWZiTjhKMnp1OU9OcmNNVXdlOUNjMDdrUWVZRU9tVGg1OU9pbEMw?oc=5
2026-02-19 09:14:47+08:00,US to withdraw troops from Syria amid Iran tensions,2,Bullish,True,BBC,https://news.google.com/rss/articles/CBMiWkFVX3lxTE1nMENSYWx0bTFibVV6SjZWMXRDc01URlI2eEl6emdkVlVrMFBjSjF5M3NSVWRIMm9ubjhOeGxNdDhkLVBtSFF5OEhPaGVOdWY5SXRHbTRjZHlJUQ?oc=5
2026-02-19 09:53:46+08:00,Russia Iran deepen nuclear military ties under US pressure,2,Bullish,True,chinadailyasia.com,https://news.google.com/rss/articles/CBMiWEFVX3lxTFB2VHBSMm55WkdrZ1RtSm85ZUJzR0haWEpoekpBT2RKeE5mUTlYZDVQSS1xSC1NYjZfdmk0MFBid2pSZmdvaUMtRWVqYWlTVDVlUXl1SjJ6aVQ?oc=5
2026-02-19 10:50:00+08:00,US military told Trump ready for Iran strike this weekend,2,Bullish,True,Haaretz,https://news.google.com/rss/articles/CBMijgJBVV95cUxOWjdHSTBoRFh3NHV5em55WDFpdmF6eEotMmNqM29nLTlqMVY0R1pqS0x0QlVmUGpVcW5heVRsYXNtVTE3SXEyVFJ1Zk16WWEyYlIxb2I4SzF6OEVIVy16MkpnZ1M2TTZDcUFxNE05Q3VhRWEySVVsYjNZeTNNX3hQRC1xcXJZYU9GaDRkWW1SS2ZIQ1dVVWl5MFVEcXZ3b3RyOU9xcXRhWDNySjUxVV9uajVUcXpOVndMaFh0NDJQMGl0aVhSRHgxNlZyX1NJY0NpZ2xtdlRtRGpmZ3l1QXYya0ozcDh0eUs3dFljanRWc0pMYVlYZE56OHoxYXRPN3M2M0xXV0xXeVlnMUplVFE?oc=5
2026-02-19 12:00:00+08:00,US accelerates Iran attack preparations readies for prolonged conflict,2,Bullish,True,Haaretz,https://news.google.com/rss/articles/CBMioAJBVV95cUxPN1dQeE5scUFUTnU4YV9ob2dqNU53eXp2Y2xoUzZ1NDNuX2JYczRnUUpWWFpLbnZSXzFpQmdxQWEtZXdzV19kX014TDJhS19lQV9Iem1KWE0tOUV4ckJlazhUZ3hKSDhYZ1p4UW9LODlwS0VBY1loTFVGeWYyeXFMdnBhRW1YMHpkTmlFTGlvYjFUOUJCMWg4bk9aWG55dnl5Y0ExTG5kYWNVQ3E3ZGYxQnhuMFBadmVtT0lxMDRjbDhlWnMxMEUycmd5SW90R3lHQ1F1S2dJeElqX3dRNHc5RGhka2ctbUwtWVpuSmQxU2dPRzE1RHRFX0M3a2tCbURTRDVncXdjUmk2c0w2T3VUbTdPTG9YcjlUQTBPSk9RQmo?oc=5
2026-02-19 14:04:57+08:00,British nationals detained Iran receive 10-year prison sentence,2,Neutral,,BBC,https://news.google.com/rss/articles/CBMiWkFVX3lxTE1meWRfNVF5Tnk2UHRRVnNYY2h2TnFBVEJDc2JuUlFxWjF1dDRCd2VHU09MMTRjRXVDNmpMVXpYbHM5bjdubXBQY2ZncE5oNGdsU3VwVmtmeFNxUQ?oc=5
2026-02-19 15:35:09+08:00,Araghchi Saudi FM discuss Iran-US nuclear talks,2,Neutral,True,Caspian Post,https://news.google.com/rss/articles/CBMiggFBVV95cUxOMTNCQWJGNVNrb05fZUJJLVR1c2tjVjJrOWx0UU5Fb21qYUtaR3hjWEUxMUl6N3Y4a1ZxUDRXamp1VWtvWVJmaU9vQUVEbU5Pd2FVV0RwdXVLdTJFMGtkY1g0TlRQMjVHaU5VTkZHSXc1d0JGYUtFSXg3S0swbG95TFlR?oc=5
2026-02-19 16:19:27+08:00,Iran imposes additional prison sentences against Narges Mohammadi,2,Neutral,,World Organisation Against Torture | OMCT,https://news.google.com/rss/articles/CBMipAFBVV95cUxPZl91Q2QtWDNrdWp3U0hncjkyNzhkT3FNN19xX1FXMHN2NG93UWR6MENwOTEzeEx4MFZFemFHN0hHalpVRzRiZDF0R0dselpLZGZiYUV0OE9HSEFockFNbE5JTDJMcmVtMThSbTVia1RlMXg4NWJNSTZqTlllQWJkSmMwcXRiNzhJYmZDem5aSjUzUDJQbXZCSlhqd0hDdUNMYUpHVg?oc=5
2026-02-19 16:31:02+08:00,US says Tehran very wise to make deal as Russia Iran hold naval drills,2,Bullish,True,CNBC,https://news.google.com/rss/articles/CBMiigFBVV95cUxObWpJbmxsNTdYZnZwZ1VGQjVkaER5dUNkbjk0T1dVazdWa3ZlU0FLQkRrdzY1OTdteHpjYWlPdVVkdDE3WnoxdGJqVFdmOHZCcHFYQS1KazdDQnRDb2xzMXZsdlExTExISGN0aFJXS2w1NU1VR1hSbV9CV09hRW90bFpjbnJ3SDFhNFHSAY8BQVVfeXFMTjJRX1JJYVdXbzF3TThzbXA3U0tqU2pZOWw4dmhxS2dPYjU5R1dad2hoUmszOEJqUGZUQmZCeHZrN1MwUV9jZHVMYnlCQU50NEp6UGpfZmhtaWJHNUNMTjBRWXBGTnQ5d3VkRV9Bd0VDZHZYSGwwaWtvTEh4WTBORHdpcFdwU1BMZjY2WERzQzQ?oc=5
2026-02-19 17:30:48+08:00,Poland advises citizens to leave Iran immediately,2,Bullish,True,The Jerusalem Post,https://news.google.com/rss/articles/CBMiakFVX3lxTE00a3hNNEZnSXdjWV9xcnJrbl9qVFoyVmxHQmo0OWxRTVM4YmozM0VLVmhTMkFzNkxzRklZZTdjWGxvdW1tblpCVkIwY254Z0hrTjh5bGRWTHVha09XZW9lVkU3TkhhNDEyelE?oc=5
2026-02-19 20:25:49+08:00,Khanna Massie push to block Iran strike without approval,2,Bearish,True,The Jerusalem Post,https://news.google.com/rss/articles/CBMiakFVX3lxTFAtTE54Vk1WaXNTOWJ4QmN6TlpMNEdjMEEwVU9SUXBlUEJ2UXpJNkdpNFBWa0trd3NDZHgzR0dlTWFneE5LMUt2bEVyc0h1QXdwNEs4UUNtbXNfOENXd2pTUmwwTWVEZDh5R3c?oc=5
2026-02-19 22:04:22+08:00,Arrests of Christians nearly double in Iran,2,Neutral,,www.christiandaily.com,https://news.google.com/rss/articles/CBMilgFBVV95cUxPWTl3VVI1dHNlOUNOS2I2c0N2VkdpUlYyOXo4VjFTcnVCeGhSVVdKWE9qbmxBbzRKR002RG9yOVFobGdDdFZSSHVzOHpiTGltNDZacUJZVFFuZC1PN2o2dVdlTTlMRVRGNmZ3LWdsNHJOMG9QZ3A0UlV2M2J3NXBHQ1doQnA1YzJzY2JKbVZSZG5iZTVtUUE?oc=5
2026-02-19 23:50:12+08:00,UK withholds approval for US to use bases for Iran strike,2,Bearish,True,Bloomberg.com,https://news.google.com/rss/articles/CBMitgFBVV95cUxOU1liWUNTWS10N3EzZGJxQVl1UUlRTlZtQ1VsOWhVZnJ5MXBZalhWWV9oVUQ5ZkdOcnViRG1oSFRaWVlkb2E2dlVCWWpuVTJqZUdIbmlhLUJLNWRvUFRTQmo2SVVDdEpHVWxJaHktNFJaTmdqT3FkWXNURTNxSnhlbi1IM1pQSU9yZUNlY2lYY2s3WFozd28wZzlDUXdjSzA0TUlVaERtQ2kzM21ZcFNSam1MczJFZw?oc=5
2026-02-20 03:32:34+08:00,Trump warns ‘bad things will happen’ if Iran doesn’t make a deal - NewsNation,2,Bullish,True,NewsNation,https://news.google.com/rss/articles/CBMigwFBVV95cUxQcXF1eHA5Z2lFWS1NZmp5VlNHbjl5NXJPaHF5S0EwOW5ZRi1zck40OV9JaXZOcHowUWwwd2ZzX0pyTVRpMHkyNk41WHpvRU5scjZqX3BYSS1pYTBaVk1uX2FQVjdsWXIxUzlDYjk0MG94RmpoTVA0OURIRUNsQUxRUEVPY9IBiAFBVV95cUxQUFlvNGpYZFJfNHlqc2p0bzVaUnR4MXYyOUxCLUprWmtMMnlIXzNUbnNxTUJJSGZtaFdad1Q2S0NSa3RpenYwSlptdmloOWdGZTlMSFBFbEE2RmtzUHlhTVBVYms2NmszMEt3Vm5zNnBVZmRaVXl5XzZWaVdLNVRlLXVib0hJUXdZ?oc=5
2026-02-20 04:45:14+08:00,Trump says he'll decide whether to bomb Iran in next 10-15 days - Axios,2,Bullish,True,Axios,https://news.google.com/rss/articles/CBMib0FVX3lxTE9GdXlRY0U1N1dsbEZodzFOMXMzdnlBc2lwY19OVU9ZUnR1d3JvMmlVUzhXWkVKWUFZOE1fS2RTR2tvWEZ5Szd6WG9HQXNwLTNZM1Y5LVJCTEV3b0p3SGZFMDJsekxidGtzVUxaYXpaWQ?oc=5
2026-02-20 06:45:00+08:00,Iran Tells UN Chief It Will Respond 'Decisively' if Subjected to Military Aggression - U.S. News & World Report,2,Bullish,True,U.S. News & World Report,https://news.google.com/rss/articles/CBMi0gFBVV95cUxPbTA2RHo1LWhXcXI1bmxSaTNQR1c4SGNxMjgzdGdVVXNWTDlVei1jd2VBNGdvRUFhaGhGUVF4bGVTZ2g1ZmZIVEQ4dnFwaFBKME5ic2pIRThCY3NRckttVU1Ta0VYeHNFLUUyOVJaMDhJalBQM3ZvSkxLQmd4YnVvU3JycmhSNkhnTEY3U3NhNGVCOEthTTBkdEVsanRCaU5pa0lFUVI4dFRlc1hMSVlXczAtX2JqQlNZZElJMTZFam9jdHh3bU52bV96cm1kcmtqQ3c?oc=5
2026-02-20 08:00:00+08:00,Iran tells UN chief that all Mideast assets of ‘hostile force’ are fair game if US attacks - The Times of Israel,2,Bullish,True,The Times of Israel,https://news.google.com/rss/articles/CBMi0gFBVV95cUxNb0g0ZXFfZVdwZ2ZtNkJFZEFmZlRvLXNkQU5IMV9Zb25xWno0dFV3QmRQUmJhejhqV3RpRHhYR0xvZnpJdHdxY0VScnFVZEdTMWJDR2VCSFlxTUFZVVE0Nmlla1h1U1VnY19ORzZTM2duZlV1TnJUSEI1YWlhUFM5eGM1ZDMxSFd3NWxvQ0YybGJmOV92WTlhU29IQUwtQlJ0MXo1M0lmZVVoSExvcHdocjRoYmRNcmRqd1RDcUpfZFpMeG9SUFZUNXVydmdRbjRfNmc?oc=5
2026-02-20 09:12:58+08:00,"Iran covertly repositions strike drones amid Russia drills in Strait of Hormuz, expert says - Fox News",2,Bullish,True,Fox News,https://news.google.com/rss/articles/CBMitAFBVV95cUxOTnVDZ3dtd0tWN253WHQtN1FiODdibUo2RlhTNzExaDVocE11ZWxxUE4yME9GVVp6amkzVUYwcld0NkZlVDE4Um5tWFZISkhDSWd4allWeGdpNElGV2FtYzMwakNBbGFOYWxtYUpXX0Nta0NHVW1zal9hamRkTlprUGxBY2k4bHhFNDBHRm1XTGJtRHBWcVIwQWFSclBJUzJlUjFVaE9hdEY1WU54eWNja2Y3YWzSAboBQVVfeXFMTUVnd0hCT251MlRuMTl3U1dtZ3FNUlJFbWhLVzRSRlhhUUhQcHF5VENvNkpqVDJ0RDkwRXpFWm5kR1cyaS1PREhQSUtrS3BLT09HcjAzX0ptZ3hJU2pNY3YtWVNGeTNyX081U3E4Yk1JNUg2UVFTVzRqdklkMThxZ0RBRkk0bENNTVRWbjYzXzNUSEJKN1d6ZVRQV0RfV1BoOFJieHNVa0FvXzRFRWtPT1lJc2wzS2Q4Y2ZR?oc=5
2026-02-20 14:45:25+08:00,"Second U.S. carrier nears Iran, as Trump warns of ‘bad things’ without 'meaningful deal' - NPR",2,Bullish,True,NPR,https://news.google.com/rss/articles/CBMiswFBVV95cUxPZEVmYkpXaGUtUnFhV19raF9EUTExcS1IZ3BSaktuQmNYaUVYMnR0NXpaWGVvREEwckp2MDQzdFNtMHAtaGc5UlZqNlFEQlZxS2k5SFlDLXN0UFZOb0ZYT1lVRFJsME5GTEVxLW9CRHRrOUFWcW1YRUZ2Y3JVOTJuWU5YcUF0ei0yek9DVUtDblJsRGlsVXJfc19fM2NDUnYwMUh6SEtWTWo5WS1RTHhpWEdMUQ?oc=5
2026-02-20 21:16:14+08:00,U.S. and U.K. to discuss use of Diego Garcia base as Iran protests Trump's threat to use it in an attack - CBS News,2,Neutral,,CBS News,https://news.google.com/rss/articles/CBMingFBVV95cUxQeHM2M1JQYzRPbjRPdDdoLVhHU3ZLN3hraTJjZ1Btd25HY0Fwa2x0Y3AtWjhFVTlobXRCckVQbUQwSllPdlNpcTBBYUNmaldYTkRZenQ4dVZvVDRJeUFQM1JYSmNhU0NaVndoVmN0T09vTUhERnhXenpXQlBScDVfTTNSQ3FIVXUwM1lWS2ZvX1FIQmNXVVZkcGRMOUl5d9IBowFBVV95cUxNcDB5Rm12SHFNNTVkTFhIcV8xZUpmNXFyVWdlVDNIdl9JZmF2QTBrVkRiUll5Q3M3aGl3aFVnSjZNanJPcGxEX3hHRVhKeWN4M21fQXB3N3BMRUtpZUQyR04yRmt4dVFVbXZfTG9WSUtGZnNVR0JnQlYzcWlBaUs3WlEtTzRtZEI5YmFKbWJQQm9IUFQ5UE5YbVFyY05kelBjRzQw?oc=5
2026-02-20 21:43:13+08:00,"US not seeking zero enrichment in talks, Iran's foreign minister says - Reuters",2,Neutral,,Reuters,https://news.google.com/rss/articles/CBMiugFBVV95cUxQSzExa0d1QzlmLUhMLWFUWkVROU5IempmRDI3bl9tZG1IVENzU3VUOTVNYUlUZEJpMTZOQzItQkFxal9DV3VqSnZPQU51aVloa0l4ZVd6NTVReWVKVERJRHhkMldCalZfbmV6cTdHc3NBZ0JwaVg0M3ZXcWdobGlTeV8xVXI0aTUwcHBqN1E1bWI1Nmt0c0lGa0RKQjZzUEU3VmNLT0ZqSUhEOGRYYnhWUWFyVmtGZFdrb1E?oc=5
2026-02-20 22:24:36+08:00,US pulls fighter jets from NATO exercise in Norway over Iran tensions - ایران اینترنشنال,2,Bullish,True,ایران اینترنشنال,https://news.google.com/rss/articles/CBMiTEFVX3lxTFBXN2tFVEozMGpPZEgtQmZlUlJQYk05OWpVN2YtelZfZTd4X0s4V0pITHhfR0l3eUl3MmhWbFBIbUp0T20xczdmQXhTWFg?oc=5
2026-02-20 23:00:21+08:00,Trump says he is considering limited military strike on Iran - Reuters,2,Bullish,True,Reuters,https://news.google.com/rss/articles/CBMioAFBVV95cUxQYTJGa1R2SUpPZ1dDOU0yQ1B5UXcySG5ZMndaNDJGbWh6MFlvZ19yVXoySmszUXNueWdSSGZ1NTRZS0tSTmRNRWR2TUdGTnFmTjk4NEwwWWU5VFJzcW5KZThmSkthODNOeDJvaEg0NkxQN0RaVWZRMW1aY3Iwc25kbU5IUThHZGhtT3hCTzh6bjRnZ01rUU5ZT014OTQ3cGN3?oc=5
2026-02-20 23:03:08+08:00,"Scoop: New Jersey, New York reps will oppose Iran war powers resolution in House - Axios",2,Bearish,,Axios,https://news.google.com/rss/articles/CBMigAFBVV95cUxOeVpTRjhSdDVtdUN3TWZPRUxaNEJlMlVKQnFpc18wekkwUld4aUIyemExenJic2cwTFluNllKbFlJRTRXWDdGMV9OSVZXRkpWRk51SkZ4dENBUzdwMzhZME1LN2dyS0xnaUtPUEdNM2t5SGhiUEJfaFBSaHBtMFJQNA?oc=5
2026-02-20 23:07:22+08:00,"Exclusive: US strikes on Iran could target individual leaders, officials say - Reuters",2,Bullish,True,Reuters,https://news.google.com/rss/articles/CBMitgFBVV95cUxOSHNiNHZ6LTFCcEJYWXowT3ZGby1tdVYzb0hxOExmZlFlelVxTzhVVFAxZ3A5cFlyb2RHeWltT0phLW5DQUFCNkRWd3JGZGZiTXJPS2VBbGdPRUd1YjBtNGwzVGVtM0Z6bFJYb0tOeWtZeUlUQk93eldXbVNZVHRfNzlGS2dIV3RqQUlMUmpSZzFFTnZWODZEU0dvdUtna2wxbUk5QTFoNFJNd0Y0MktxYmNKSEZUdw?oc=5
2026-02-20 23:27:21+08:00,US charges engineers with sending Google trade secrets to Iran - The Times of Israel,2,Neutral,,The Times of Israel,https://news.google.com/rss/articles/CBMimAFBVV95cUxOM0NYT1dmQ2szSS1zTDRMb2FPVWNyMVNLUEZUX3BnN3VybjY0a0N1ZUx5WktnZVlxaXI1c2RIZm1BcnFmYlZkemlYQTFvazRDckZZVWVUOUNJOXltSnhzd2tuM3FLemJNODBpYzd4Wi1UMkt1dTdYQTFudXEtNFF4SGR0Q1B0b1JoYm14R1B5bHNUVGtWWDU4dNIBngFBVV95cUxOYzFFVThZd2I0RVBpWFpTVFpTOENCRkoyVl92dF90eDl6Y1VLbnFhWmZqUHlPZkt6RllRTzVXSVY0Y0IwbmJSdEd0Q011VzNmRThMMkhkazR0Vnk2RWhjRG9wdEVQSWVxelhIX05GQWcxV0FjZVpWeFdwVGstTEhjT3hzOXpUdzFycllhS0ladHNzRTg5Y2haOTYxNVJ6UQ?oc=5
2026-02-21 01:03:12+08:00,Iran Says U.S. Has Not Asked It to Stop Enriching Uranium - The New York Times,2,Bearish,True,The New York Times,https://news.google.com/rss/articles/CBMihwFBVV95cUxOUGtLWUxmN3JoTHdHZTJCN3ZVQU1lWVVBVzJZcHg0RGMyOWY0aWdJbms3REVlY3J2Nzd5Ylp5bHdMYnZjSHBGR0JLNFBNTFdYSWpnTEx6bkpzSzVEWGQwV29lS2FPaXhJMWRUTjJQLUE2TUNHUXhURGwyZk8xZ2kyVm1iRW93cWM?oc=5
2026-02-21 06:49:11+08:00,"US evacuates hundreds of troops from Qatar, Bahrain amid Iran tensions: Report - Anadolu Ajansı",2,Bullish,True,Anadolu Ajansı,https://news.google.com/rss/articles/CBMiugFBVV95cUxPZ3VFX2NkN25tazRobkVzb1oyZnlJbFJDVDRtZ2FvQms2V1F2UmtmbHV1SWxsWFRIVF9iXy12bTh0MVNHRnVPLTZfTnFNRU85WDJZNnZRV1ViNWlMNVdUQTdfZW1PMWdXQVIxMG5qNThick95NHFTdXRwSS1uWklJdXNXbkw5UVA5M2NKQWNnMVItMEg1OXJPYWlMWXM1dWVwUWpsLXhXdXh0YUJSMk5jS21vR1VPbjZGWHc?oc=5
2026-02-21 08:04:04+08:00,"Trump's Iran options: ""Token"" nuclear enrichment to taking out Khamenei - Axios",3,Bullish,True,Axios,https://news.google.com/rss/articles/CBMiiAFBVV95cUxOcDk5V2tlbFp0SlEyWUJWQTVkQ0ptQk1vUF8wOEN2d3B2Q29RN0FURnJqb2pvLXNiQ1hhRUh1d1hON3ZfV2hqc1FfVkJ0Wm43a2lrR3BPNi1pMXVuTjVPNjBibHhua0gxOXZPWmtVX1ZlbGU4RHRmZWpsYktsaU5CSVVKV2FKbUJw?oc=5
2026-02-21 09:12:21+08:00,Iranian FM refused to open envelope containing US proposals on missiles — source - The Times of Israel,2,Neutral,True,The Times of Israel,https://news.google.com/rss/articles/CBMiwgFBVV95cUxNckM5R0dQZFEtZi16aFNNYi10MXAxX09GRHhlSkktT1pjVjVPdkkxNVVpQnhrNVpCSmN0aUJXWVVwNnVsdGlFT2FiUTliMEpTQnZoQkVQYnJGN1lTaDZ6Skoyck5ScHVTRlJsai1PTlJuUkVhRDJWOFhLdFhGZHNkSnBtay1WcTlNSFA0OGVZWWtIaWlnSEszWWNzVElCeFk3ZWRpWXZXdjUtLVNXSko0bFVjVG80aXh2UExORGNONXBfQQ?oc=5
2026-02-21 11:51:00+08:00,Pentagon blocked from using UK bases in potential Iran strike - The Hill,2,Bearish,True,The Hill,https://news.google.com/rss/articles/CBMiekFVX3lxTE0tMlhWaWRnSGpHVVB5bWVGUlRDMEZjNHBoa3U5RnNIQmRXS2VrbVh4MW1vM2VrVkZ3ZTlOSklITm9wcHhDblZQeUl6YVhIM3c2dklveWVDYTV1Wl9zSlUzTnREeFpzVzltSWV1WlQzczdyQXdHMkVDRGRn?oc=5
2026-02-21 16:17:21+08:00,Serbia tells citizens to leave Iran ‘as soon as possible’ - The Times of Israel,2,Bullish,True,The Times of Israel,https://news.google.com/rss/articles/CBMiowFBVV95cUxPeDFFeFR6VE41ZnFVaHRBcXlrbEY5Z25zakV3NENFalJqNzRfcnFVWnRGa1B5Qkw5clpjb0NRWmRvUlV4RzhBellkaUZ3WXRKbEx5OXV6eWVQQ0MwdWZQWk1VbVNDV2ZtWHEwVGd0M0RyNjE1QXBKNXlpQzNkX3FxN0hvLWNpT05UWC1jX3dkVFdtM0ZrcXpmeXRadmVmRDl4cmI0?oc=5
2026-02-21 20:50:58+08:00,"IRGC commanders hold meetings in hospitals, sources say - ایران اینترنشنال",2,Neutral,,ایران اینترنشنال,https://news.google.com/rss/articles/CBMiUkFVX3lxTE5iRThGeEdxNkdfSDBpVEhMdnJmMlZsNmRPMDJjcjBQNnlPN2VQc29kdE1ZR013MDZacXZNQUwyMlRndzB3emVYQm1qWVlzaFlsRVE?oc=5
2026-02-21 22:26:12+08:00,Pezeshkian says Iran will not bow to pressure amid US nuclear talks - Reuters,2,Bullish,True,Reuters,https://news.google.com/rss/articles/CBMiugFBVV95cUxNNkFtcTVORnM1X3J0TjYyOXZJVWZ5YjJfRGRKbC1hZXFLbFplNDh1VGRfeUZxajNpMS0wRTh2allCTUJmcUJjd0lDX19SV2IzRTQ1M1NPMkZCM2MyMlE1QUhrcWhxZW1FRWhodUFaTTFkdnQwSzIwdl90emMzZlpseTJmOE00RzJLTXdtYkRrVUhTa0ljTnc0VlN6UllVZTVzZ0xFanVBMmhoMkNOa2hBN3l4Y0lfRWljWUE?oc=5
2026-02-21 23:51:00+08:00,Iran refusing to export highly enriched uranium but willing to dilute purity - The Guardian,2,Bullish,True,The Guardian,https://news.google.com/rss/articles/CBMivwFBVV95cUxQSkdwTHJReFFhZUpwMlYzYV9QUDNEYU5MS3JsSTZJU0tFeUc4UmlwUzNKNmUtcjdMODBKa3hIQm45UExmdUY0Ykd3bjVFWEVSY2NtZkxnWFRPRWZ0ZGE3eTFlYzlRNW0tQ0pDa0p3M0JCQUszUnpmMTVhLWU2ZUtUcHRXaHFiZnBYcXRkeVVIX1pFTVJnYjBPTVBnanFaY1Fqb0Z5Q0s1N0tEODl6Q3h3TDZxUTMxbXY1YzNRX1Noaw?oc=5
2026-02-22 03:40:31+08:00,US military aircraft seen in Portugal as Iran tensions escalate,2,Bullish,True,USA Today,https://news.google.com/rss/articles/CBMiugFBVV95cUxPTndHWDc3djAzV0VCZHlYbWNueE9mS05abXR6S3FtUnBkZW5faHlfV1VqaE1DTGRNSHhmRmJwTXZhdV9sZDRsQU5EclpqTndhellTYW9TamdoN1J4ZEh6MTBfSEVwZFhKZUo3LXBEdWk0MW82R2JydFFqajlDdXAzTlUtejQ3UHl0VHZncWZYc18zZWdBaUhiZVRCVkdNam5aa3FiNzFqTHZsWHhXbDd3S1h6NVlyNHlySFE?oc=5
2026-02-22 05:27:42+08:00,Iran designates naval and air forces of EU states ‘terrorist entities’ in tit for tat move,2,Bullish,True,Anadolu Ajansı,https://news.google.com/rss/articles/CBMixwFBVV95cUxQZGVTaDhMLTM5NXlmQU84YU40V1FUTUN5Vzh3bm43N1FnOEJ0cVBCWVFyTVE0ZEVhRWxNT2dRSVNmeXhUMEQ3cURwNElFc0FiazYwRDM0QV8wYU9zQnZHQW5kTllneUVTTVI4Y2E3U29UcWtvZUV2dkppSjJSbnNPcFBXNUFoQjZYcm1TMEgwbmpfOGdISVFfVkl0ZUw0blBLSmFUbFA2UmhUSTdwOWU5QjV3cUZiNlNMOS1ndXl6cEstUURNcUNB?oc=5
2026-02-22 07:36:37+08:00,Gulf Carriers Prepare Costly Detours as US–Iran Tensions Put Regional Airspace at Risk,2,Bullish,,VisaHQ,https://news.google.com/rss/articles/CBMiyAFBVV95cUxQRHozeFhTbkxPbUtKWHlUZU1WSngwZ1BzeHMxSnZKLVB5Ny1vbzdnRWxlWlU3MWpSaW45dU5tVENfLUp3bzV4SGF6RV9GaUZPWXhiQlJLOHRDUWNMdFBCOGdGRGoxajhBUG9vb0QyYVFienNiaDZEbWY5UEU5dnMta09uVzlSbFA3UVNqMjJ3YjJEUVZsZ1k5aGliWURpWl9neU5wU2QzU0NnUmRSMzBNWnZHTG5WQlMtNmRweTRGWmRBMkJZbGxPbw?oc=5
2026-02-22 09:35:17+08:00,"Israel prepared for imminent US strike on Iran, but now it’s on hold",2,Bullish,True,Ynetnews,https://news.google.com/rss/articles/CBMiV0FVX3lxTFBfNWdMRDhOZHhhWWRrUUdJa3p1OFdVZkg5NHJ4cmx0TXMzY2FrT21wWVh4UW42X1pJd2p4a0JTSjdKTm5iX3hyWHJzUml2OEZRMEJCbnhUNA?oc=5
2026-02-22 10:20:44+08:00,"US accepts Iran’s bid to maintain uranium enrichment, ISNA says",3,Bearish,True,The Spokesman-Review,https://news.google.com/rss/articles/CBMingFBVV95cUxQWEJMYVMxMjFQV1U5NEhaTVp2YU45b2d6dDNMQmxMMmFsQUUyblBFbTVYWkE1cUlnNVRZNUpZRzAtV25tV3RaZmlZUGU3ZTFHZENpRlZfY1Vrbl9EUXFldjZCS1p3dDBJQVJlVE9fZWhNZjhyX0JINFd6VDhaRk1hYkJ5cGQtVVh4VXppODlYd3hKU3BFQzZxLWZyYzQ1QQ?oc=5
2026-02-22 16:44:29+08:00,"Iran and US diverge in views on sanctions relief, senior Iranian official to Reuters",2,Bullish,True,Reuters,https://news.google.com/rss/articles/CBMiwgFBVV95cUxQQW9RZnJsVzJSLVVTMFFvaE9uNmtkekE4NW1Iekc3NWNYQlpxUUdZVU5iZUFwN0xPcmNuN2NtTk9wVk1rV2xfbE9uZWhGWHJURm50eDFpWU9INVIyQUZxc3lKNFgweW5KeTRHMm5LdGRvZWZxWnQyZDE0SXB3ay1wZWJ0NVBCX1VEZ2Y5ejJPTlZGdVVtLTJmbllzYnd2NjZ6MWllcF9xRnIycE1KWTU4NGpHeXVZNV9WLUgydW8wUUYwUQ?oc=5
2026-02-22 22:00:40+08:00,Iran students stage first large anti-government protests since deadly crackdown,2,Neutral,,BBC,https://news.google.com/rss/articles/CBMiWkFVX3lxTFB4SGdGMVBFcm9oVjE0T1Q3bXlBTG1pN3VyeElYSXcxa2lJU1RTOXBrSkVKSzY1T2NvSjBMYlBhUjVFZ1dEYllVb3ByVFozYnp4TTd5cDdabjNKZw?oc=5
2026-02-22 22:02:05+08:00,Scoop: U.S.-Iran talks expected Friday if Iran sends nuclear proposal soon,2,Bearish,True,Axios,https://news.google.com/rss/articles/CBMidEFVX3lxTE5IUWxHVFJLY3FYTVh0STU1ZmlnT0gyTzMwLU1KQTYtRHZzc0Y0YU56OGd0S1pnay10bmM3ZTFlaGNvZlBtcWkyM1hLZ291RGFRZU9rdTZncDhETTNpWDN3WnpwUzY3VXY0RXA1Sl9qTU04dHk3?oc=5
2026-02-23 00:00:07+08:00,Iran agreed secret shoulder-fired missile deal with Russia,2,Bullish,True,Financial Times,https://news.google.com/rss/articles/CBMicEFVX3lxTE92X3dydU84MFFZakxvazd2TDFXLXJyaGRBM3g3R1ctNGpiSmZhUm40MUlDUkNlVlh5S1M4eFEtdUtXZnROZGJraHpvMTNTNGE5WjltQWtVUzhid0VSbGk3UmpYRkNyU3pNcEVmUlVkZno?oc=5
2026-02-23 00:12:47+08:00,"Iran’s FM plans to meet Witkoff this week, claims ‘good chance’ of diplomatic solution",2,Bearish,True,The Times of Israel,https://news.google.com/rss/articles/CBMixwFBVV95cUxPQzJDSHJGRUZEUHpuX2xiVFpfdDFyc21LUkt6WlVvSElCMjFENm52OVRleVRjTGJSbF94OHh2Q2E5NmJsdmY0OEkzdGNWQlhHYXVEamJWd1EzUGtuX3RtMFBUV1FUU3ZmeGc1TlBLem03N0Q2X0RZaDNFb2RiVFRVNThKdkRoTnFBLVZxYUttRmN3YnUyN0hDZlF1RW9aZXZNMVBDMi1LdUN6MjJZZzRENEJQdzJpd1VHcU5ycnBuMDJ4c1R0UW44?oc=5
2026-02-23 00:32:55+08:00,Five Kurdish factions unite to challenge Iran regime,2,Bullish,True,The Jerusalem Post,https://news.google.com/rss/articles/CBMiXEFVX3lxTE5YbFpUOW9pZHltWEotek5tRGVvMDY1bHhyQm9iaVdSWmY5c19ZSGt3dktROTQtZzFVUThyWTBJZDMyMGhrVnlvRXYxMjJYa0dfcU1rRkdZYkdjUFlu?oc=5
2026-02-23 00:53:05+08:00,"US, Iran to meet again for talks in Geneva on Thursday — report",2,Bearish,True,The Times of Israel,https://news.google.com/rss/articles/CBMiqgFBVV95cUxPV04xbWpLTUNWWFRhenk0Q21wSDhhUU1JN2w2R01EZHBVam9NT0hyUzFkYjhVb2k5Y29XdzlrR1Y1anFmeEJ2Z0JvSVBPX0xkYTZabWVtakRILWNvR293RGMtTWRrSTJPZDNMbHFRTlJDcUhHOGQxb0dzV3BnYnpJcUp3WmtqeFM5QXV1ZzRtckprM2tUVnd1THNsLVdiUG1zUEExaXdnQmlEZw?oc=5
2026-02-23 02:20:53+08:00,"Tehran Is Ready for Nuclear Concessions if US Meets Demands, Iranian Official Says",2,Bearish,True,GV Wire,https://news.google.com/rss/articles/CBMisgFBVV95cUxOWDlHdmRfanBYc01JdzZFejhNREhaNzExb2Nxb0U5d0lRbWZMbGRQc0dFdDVOczY0dTZxLVhRQTdqQUVxWnF5NGZNekZVeW5ZWUo1Qk9ldkFWYmxWVWtvMFA0dWt1cy1KMnRNVkRfdlVFbjdLN1FQSXlYVG5rT195b3pDU2ZUX1gtQWZmOUM3cVR4N2tkMThWNk9NamVYVFg0RmhhU01hbi1JMVpGTGJ1cXRn?oc=5
2026-02-23 03:39:02+08:00,"UN experts press Iran on missing detainees, executions",2,Neutral,,The Jerusalem Post,https://news.google.com/rss/articles/CBMiakFVX3lxTFBEbkZmYVpWTHJWUVZRR2c4ZURhalBxN3RTV0pvX0U2QzcySjNtcjhnbHBEUDV2MXFNMzBOaGJBcHhTcEhCZVZyS0VXNTVrd1dJb25GZFlBTjJyTUxOXzNRVTc1d2d1Mk1WU3c?oc=5
2026-02-23 11:44:58+08:00,Breaking News: President Trump told advisers he would consider a larger attack on Iran if diplomacy or a targeted strike failed to deter its nuclear program.,3,Bullish,True,facebook.com,https://news.google.com/rss/articles/CBMi0wFBVV95cUxNWUxLMTFWbzZvYnN5UlJaSDB6ak9rT1hIOFZKTXJkSU5ZclZMeVdoVEFWcDlHRFRqVm81V3U2MWw1MnpNVFlDZ2Nfb2Rhbm93Y3pEOHF5ZEdOXzhXSk5qQnZranBMQkxtMmNMWFYzOXBiSXhFSC1mQzNyX2lYVzAteWUyY2RNR3ZabXk4VDEwUkk2eUtXcGkzRDh5bzU5R2ZuWTdia01zUHU5dndTbElsNzRzbUcyQTB0TVJMN1d6SWdCWXd2Z3RlMjVnRUM0VGo2ekFj?oc=5
2026-02-23 16:20:25+08:00,India Asks Citizens To Leave Iran Amid Tehran-US Tensions,2,Bullish,,NDTV,https://news.google.com/rss/articles/CBMinwFBVV95cUxQNXU2VjZpb2VTZjdlQnh0czZXMkxyXzRwUWN5eElFN3BSR3JOX25ac282TGM1bXY2QUxvWkpNd0RET0U2T3RLUjU3NnFhcWUtNldudllnTjlEMDJVcmN2OHpJUmt5M19DYndYX3RJVGFMRE9vWmJtRnR1NzZuc3pLMU0zUUlfVFhHaFBTV201d1Q0Qm50cVNNT1N1RnRZYm_SAacBQVVfeXFMUFZRZWR5RzJ1MFNWbDJLNGZsYXZ4OE8tdDFtUlFZRHVNRzdHd2l5cG84RmpxOUZDVnVqQWotVENNcHd2MUIxWUFod0JrdXlEdGhNWWRJSHY3amxPUHdwVGRXZWxUWGVaOXZFQUZUUVZERVJZdE1PcWhqTE00TzhpV0hPRFE0WGNUSEFXV29IeG1SQXZwUjF3MzdOZHN5ODhWWmZ4UktXTXc?oc=5
2026-02-23 17:23:32+08:00,"Iran rules out interim deal in US talks, keeps military on alert during diplomacy",2,Neutral,,ایران اینترنشنال,https://news.google.com/rss/articles/CBMiUkFVX3lxTE9qaERmRVc0SGZrNGl3WWFPNTBmOV9Gakg4a1FURzZrbTBXYVR0dXFHRXE4bm1CNGljc1Qtc25SN0hlRWVzNTNLcm9Ec1lKWkhKUXc?oc=5
2026-02-23 18:43:06+08:00,Security cabinet told that Trump is pushing for Iran deal in stages — report,2,Neutral,True,The Times of Israel,https://news.google.com/rss/articles/CBMivAFBVV95cUxNUWZ1b0NWVndVa2Q1QzVoa2RpTXBnQjB3c0JKU21tazZDaDU3MnkyZmtPRlpBbjRrUFdNa3NiMmdVUE13bHhWcDlLOVpYTFNMZ0RjRDJuSVJuaFNvcjRMSGFhZHhhZ3Fra1EyMFdjRlhUMjkyWUZVSmkyaXBDMllMMUxfdjRKVFp1Q2VGYlhYc0FyXzFDbm1oTk5ya0lRUkNJa2JkY3dmRkxoWWhLbEJoeDVhbG1oaHZKSW9pSw?oc=5
2026-02-23 18:54:14+08:00,Massive US Air Force warplane movements in Bulgaria raise stakes for Iran talks,2,Bullish,True,Defense News,https://news.google.com/rss/articles/CBMizgFBVV95cUxQbTRfYVhwcXBuUnM3MHpiZHNiZXROOGh4dzZNM3FCd2NrVXh4VkY1c3g5NU5IdVYwVW5JSXZvY21lQTNTS1Yzc3U4X0F3cEpVTVlOanNMYXNRbkZlakJncXZ4c2h2b1RUZXY1S2RINWotZFVIbERXcXB3SDRvWjIzYnV3YkRZczlaNUt3bnpQc0d6NW53cGI2Tk9iNUZfTExoblNFNFRGa2E4M09RYWQxem81U1piMWRkbVNlSXdna0dIbEpHNUxOeElET0JhQQ?oc=5
2026-02-23 21:01:10+08:00,Rubio heads to Caribbean to reassert US interests after Venezuela strikes and Iran threats,2,Neutral,,The Seattle Times,https://news.google.com/rss/articles/CBMi1wFBVV95cUxNQWVFajZNYkxWX2pJaTlYVjl5LUxMSTMxenBzaGdlaThIZGVfeFdBbEM3V3hhSkpNQ0k3S0NEeE9aRXR1TkZSNWZFWEhKWmY5MUhPd216VjUtZHlVZExpSkZ1dDRyZ2dGZDZiOWhQUGF2RW56WWEybGhkVXFIeXloOU9Sdms3anBXR1VZN3BxZ0g2aEN5Y3J4OWJLazNWZXJUYnNVekYtU1ZyX0Y5eXh5V1F2emduNjlpX3hCd20xRVMxTC1Wd056dnFDUjFQdGdMNHNmeGt1dw?oc=5
2026-02-23 21:19:55+08:00,Iranian UK news site halts broadcasts after regime threat,2,Neutral,,The Jerusalem Post,https://news.google.com/rss/articles/CBMiakFVX3lxTE1hN2JxVmc5X1l6Qnhad2ZqMnktOFFUaGw5WkdydHpFR2pMbXkwVUZzbXkyVnE1aE1nZC12Tnd6bzhlR1FZT2t5NUtoak54NmZ6UE8zRGQ0bnNjYTFJcnhod2FfOXVrWlVKRWc?oc=5
2026-02-23 22:15:00+08:00,"Iran says talks useless without results, blames US for mixed signals",2,Bullish,True,Reuters,https://news.google.com/rss/articles/CBMiekFVX3lxTE1yOTg2bTRFbFJwbmFERDZqZkdoU1lVb1NYdlJpdURhemdFM2lzLTlrbTI4Y1hyc29uU20xaE96YS10Nk5PU0tTYWtzSjlUUHM1c3o4aXZ5SXJwYUtCUDJpcmlsSWhJaTJLWUt2dGJGaGVOV1V6WU1rNVV3?oc=5
2026-02-23 22:23:06+08:00,"Rubio trip to Israel on Iran tensions ‘subject to change,’ says US official",2,Neutral,,The Times of Israel,https://news.google.com/rss/articles/CBMiugFBVV95cUxNcEtWLWtDTGFyb011VDZ5X3ZUdVQtUkRXZE5wSmE2UjVxd29OZlA1Sk1BMF9YYkFhS0NkMWd5LU5tRVdZUUh4T2prOFlITzNscWw5MXppY3NVdUFBY1laZllkelAxWktiQUY4eDlBY0dvRUZGd0EtTXpLWkJPLVlRYl9ZUXZvQ2tIM1o0VnQ5N1VtTnpXT2I3UWRZWUx1WWp0aXRYQmN0a1F6bkFGeDFGVmtaX0dIUVE1cWc?oc=5
2026-02-23 22:39:00+08:00,State Department orders nonessential US diplomats to leave Lebanon as tensions with Iran soar,2,Bullish,True,WMTW,https://news.google.com/rss/articles/CBMiiwFBVV95cUxQOFJQODdXekVfRU5yOVZ0Xy1ZZ1ZoZjNxaEJoVlJiWkliOUJsVVloM2hCVlRoWEJaYmg1VE44MW8xX1RLRVBUY3RmVUJCMzJUYkZtNTJBLWpaaF9Gc0h3bWV0V19aaUpPbHducUU2MGhabm9nUjhqUnV3RkxhY0RJczV2ZHZzUHQ5dzA4?oc=5
2026-02-23 22:55:21+08:00,'Trump is a man of action': Iranians receive mass SMS message linked with US support for protesters,2,Bullish,True,The Jerusalem Post,https://news.google.com/rss/articles/CBMiakFVX3lxTE5HVHZrODNRQmVsQkFaNng3M1hHUnVkNXNHb0w0SnNEQ18tUmZHMVFNcjBieTA4amdRbXA5VUY1eU01V0xnQ045LThwRWFCUmlGOEhpSVVGNTIzbHEyZXNzU2Q0Q0xLZ0hicVE?oc=5
2026-02-24 00:17:37+08:00,Iran president vows defiance as protests build against regime amid US military build up,2,Bullish,True,Fox News,https://news.google.com/rss/articles/CBMitAFBVV95cUxQUDhGR0VLZy1OV1RlMkt3a3NQQUd1N2xOSzRoWTN2ZFV4REp0LXRIeFhESDFxcFhHQXdoblZvNG5iRTJfWGd1RXJFRF9maVJjOE1wTHA2ZmVVWm1WRnlzNE1yTkZmRVY0Q0Y3RTJ5YjAybHpIVk1nUWRTZXM0aFZkTGNqRk5WbzQtVGlqUFhiUUdscElyTTFpVXhsWTJvNzRXUUtWcUtmc3RBZVEzVGhZWUI2QznSAboBQVVfeXFMT0FBQzgzS1U2X2p4YmZtOWc4bEkwY2JMZndZTEFfNjk0M2RrVTRaQU9nai0zZmVaZ3NMSG9GblpoSllLTWQtdE1ndHpvQUxRVEZaMGJiOTY4c2dETlBPV2VRcXJrY3NRU1NFbzNZc1htS0FTRml1c3V6ak5fZTg5MXk4a2E0YlBVQ3RVemF4eDBnT0pIUEoybzg2R0hrOFIzeXhhOS11VmRRWlRIN3l6REswUV9la0NwQ2V3?oc=5
2026-02-24 00:22:00+08:00,Netanyahu Warns Iran as Lapid Calls to Strike 'Foundations of Regime',2,Bullish,,Haaretz,https://news.google.com/rss/articles/CBMihgJBVV95cUxPaTE3UHBkRHA3ekxFNjdxRWFWckNJb3duUUI4VF8zV09MZk5pZjBsTXRvR3FNdXkwUUpzbVk3R1FRZ0VmYjZubUlXNmNMRnpTUDdpOWZWY2tONGpaSXdjMHI0bW5ZdTd1OThzN3dzeGdJTi1lTWJsU2hnZkRXaUxxRk5qbm9Rc0syQ3AzUEx6WnhDN2p4RTNHVGxRWVdPc04yeXhUVlU1RVBvWG1FVFdrbXUwUVkxLUgtYkVMUGJkcU9TV212Z0FYaW5CN0dZai0yblBqLTV5bnpRTERoMmRQTmZ4aXNvQzBUUHVFbGlKRk5vSGdBVmpLZFFyT1lwNWtSZ2NQZWR3?oc=5
2026-02-24 00:59:55+08:00,Iran signs €500 million arms deal with Russia for advanced shoulder-fired missiles - FT,2,Bullish,True,The Jerusalem Post,https://news.google.com/rss/articles/CBMiakFVX3lxTE03eW01M1RXZnQ5S2xIcXBfa2YzUUNWdkNJc1pmbnNzU0FpNlc4WHRIOHg4TGxBQWhFRmctQVFBbjVSWFJjR05OdEJ0SXlHUk9yamFEczd4VlJxSFppNzdDWW02TzNoVVI1bWc?oc=5
2026-02-24 01:58:27+08:00,Binance Employees Find $1.7 Billion in Crypto Was Sent to Iranian Entities,2,Neutral,,The New York Times,https://news.google.com/rss/articles/CBMiiAFBVV95cUxQSnlzQ1lkdW5nTmhtc3JkT3BNWERLQ1p3VW0zc19WTGhESWZxVzY0V01jLWM4UFk2cUpES1lVZkFiVjg1VklJYnRHS3pkWkNFOS1hbXd4YmkybnA2SXhmTFJpdW1QWVRENGdaZHZkcW85Sk1iaWtJN0hfMWFDUmFQTUlUWmE2QU9D?oc=5
2026-02-24 02:32:11+08:00,"US refuelers, cargo planes spotted at Ben Gurion Airport as Iran tensions ramp up",2,Bullish,True,The Times of Israel,https://news.google.com/rss/articles/CBMisAFBVV95cUxPLVVVaERsTGZCWXh0eTE3WmRCZ3pNa05fZkUtVEV1MzhjTjUtUkM0THdvbTZlajRsYUFVTG8tUzRmNFA4OFRvWHFSVjNfQ0k1VXFPNUUycTQyckp0MGZTNENDNTlRUnk3VE9vY3VuYXFadmx1SkFNX1l4NE1wa3NSendDcWZQaXp2WDZiMFRmOWN2Y1pwN1FwNC1iMURidkJXTVB4ZWZfaWpoMlRlc3ZrYtIBtgFBVV95cUxOU096OEUxOW0yVnB4eDFQSndrb3ZkamJwWDZOQzRCMHkycndFeXBWSE4zUkxqelNOZXM5M2hZVjVtT1lDRTVFUW9UUDY2UUZ2Z1JkTEdjUmMzejVYTDd5Zmh6RWNDRV96NGtqQmkxaVNwcmM1R0JEVzlSc0Mtb1hTbFBCanRtYW9ZWEd4SE9yZk9tTlR2cjdYc09EaXR3OHJDek1PdEpTLW9jUFdaaGs3bjlJOUtPZw?oc=5
2026-02-24 03:36:20+08:00,Iran expected to submit draft agreement to US ahead of Geneva talks,2,Bearish,,The Jerusalem Post,https://news.google.com/rss/articles/CBMiakFVX3lxTFBOOER1MUN4SnB6OXlHRDhveC1XNmEwTndSTkoxUzR2X1JhYnFEZDVHMEZzQ0V4NGF2dnJqLWFtVUZBc2g0N3gyaUk4SmVwZGpVUkxtRmQxaUJCaXBjN1c0Qy1FZnZoWW9DRnc?oc=5
2026-02-24 04:06:03+08:00,"Iran, US to hold third round of nuclear talks on Thursday",2,Bearish,,arabnews.jp,https://news.google.com/rss/articles/CBMiZEFVX3lxTE5Fc1FrSDN6bjVSVU43OFk0MWhsVC1QMWhvV1FXSGQ1b3hpMV8wZDBSYl9uUHZsRlJFX0hXalJlSkhFMS1KRHBicVpUS091ZFJFeHZaaUpTaTFXX3FuZ09Kbkl6Z2U?oc=5
2026-02-24 04:13:40+08:00,Iran says committed to its obligations under nuclear nonproliferation treaty,2,Bearish,True,Anadolu Ajansı,https://news.google.com/rss/articles/CBMivgFBVV95cUxQTWpYcFdMbXF6bGtXZTJIOWdwSXkwb0JWVkVad1RIRlFhNDNjdXhMV3lRVWw4NmtYMjVTWjkwMWdsR3NsWE1fVzBZNGFKYUs3Tl9pUF9rYkhzRm9KTVV2R3VsX3FvTWVhdmYxamNodG80V0RIVkpLZERpYnYzSmw5N2dMc2diVnVyM2xKTjkyeXZzU3lBWDM5VEJkUjB1cEw0RjNtUnp3VHFsNXJDbzVyd2todXpVWmdTVHl2SlZB?oc=5
2026-02-24 04:43:06+08:00,WSJ: US military chief said to warn Iran conflict could sap munitions stockpiles,2,Neutral,,The Times of Israel,https://news.google.com/rss/articles/CBMiwwFBVV95cUxQbW9ITDRVbkdQYi1fQ1RGbEZDbS12UWtvVlZ5N2tDem1Kak9qaGlpWWF4bnR6RkN3b1ZiZEl0TENmcGRKbXhhcmY2ZE1Ldl82ZnRBOEc3b2J4UFJlQm1vZmszYzhrQ3kxSDlTMWZlZFhnV3RlMXpicUEyM3N6NjE5SVJPaVFUSnZFbkwzRGE2bTBrbGFFWXhyVnBNeElTZFBYWU5HZHZxVWtCOE1qWHYxZl9wSE1RM1lGNnZtbmxtYS1HcTA?oc=5
2026-02-24 05:03:00+08:00,Witkoff says Iran ‘a week away’ from nuclear bomb-making material,2,Neutral,,The Hill,https://news.google.com/rss/articles/CBMigwFBVV95cUxNV2oyWGRGdFoyaE9IUXpnRi1xenhqc0ZoUVV6U1dXRk5aUXB6QTJpV2NaT1oyT004clNCSlpSeWp1dnMtaktrMlBKczRLZFB2OUNzRXlDN3p1U3I4THpsOTI4QVhZR2RvcXdwTXNkd2k1dzJBeUhGUnlvampHVFU4Z3pWWdIBiAFBVV95cUxPTFVXSEpqbm5CUmFpVkx5VGczR2RYN0R6VnVtb2Y1QVBEUDBTR3F2cHlQS19oMHExVlhWcUYybUJ6am9vZVRWQUczVWM4UUtHNExvRmY0U2Q4N1o3aUlLRUJCYnFlVUlWSmtCNGh3VUxZNGNoRXBNV25kdGhlT1FwcFgyaGVBdi13?oc=5
2026-02-24 05:24:50+08:00,"Trump denies reports of ‘limited’ Iran strikes, top general’s dissent",2,Bullish,True,ایران اینترنشنال,https://news.google.com/rss/articles/CBMiUkFVX3lxTE5aaU9QaV8xZ3lYOF9aOWdpRGlXOFBESFBnam5rbF9KNjFBRTBTRkEzYnNkaHRXc0E5V0VuaEE1bERBbUdEYVZubjNqM3JBcUE5Ymc?oc=5
2026-02-24 07:57:23+08:00,U.S. gives Iran a 48-hour deadline,4,Bullish,,Foundation for Defense of Democracies,https://news.google.com/rss/articles/CBMigwFBVV95cUxQVVBrc1JZcW1PMUprWS1ERjh3Tno3T1poWHY2NzVoaEU5eHRkZnUtam9ySlhPZ2tyYnVXTllfbnExTlp4QWxEcEtiWHhpWXgzMEVtS0xtQlRDLVlvNzdsMHp1N2tIRXJZd0xJOWdhaXVzcnVhc1htSURNcWlJaThRNEc1dw?oc=5
2026-02-24 11:59:27+08:00,Democrat & GOP lawmakers support Trump's ability to attack Iran,2,Bullish,,CNN,https://news.google.com/rss/articles/CBMipgFBVV95cUxNUVdaNjZrVlBsN1hGV2FfX0I0WjJUUHE5VjNxb2oyOU1STGVnWHBLMTdQTURuSllHMEZEN3pyUUJmXzdpbXpzNndwaVQ5NDFWNXdMYnB5VDdhWmlzelItdkNkSlFFc25DNlhpcHhtXzEyQlhENE5UNnMyRVFjcG1id1pRSXZVaElKWWVOcFJIa2NxeFVNY2JLNXJEcGZVWko2TG16RTZR?oc=5
2026-02-24 15:12:48+08:00,"Army helicopter crashes in central Iran, killing at least 2 — state media",2,Neutral,,The Times of Israel,https://news.google.com/rss/articles/CBMitwFBVV95cUxOV3VoVnlEeklHOHpWd2tZWFBGM3pmS3lJUjFLMkRLMFVod3RTZkhreGZLdDlRdjlsNnZHcWd4T3hhdTVnNVBRZ2R0dmlBWDE3ZHU3REhFU0k3clduNHhBTHUzNTBRSTdpOFNDaFg0TEFsSkxwaWo1WGprbWlhMjdKRVk5WHRvMkd6NjJhUVlLZ1JwbDk0ZzlrN3JsZmdhQlNzbEFBSndSb1JnbkZKMzVVZVcyeXBkWW8?oc=5
2026-02-24 16:23:07+08:00,Iran says students have right to protest but must know ‘red lines’,2,Neutral,,The Times of Israel,https://news.google.com/rss/articles/CBMirwFBVV95cUxQUzNxeXRTcTVMcFUzN083bzZyQVd1NjduMzNLRlZhUE1vbkpXTlhyZ0Q0MkZBNFIxTWktXzlJbmNacjdyeXVqZVh1RVJMb1R0RllBVThJSFY3cHh5RzNZUmtWbzctSnZOcm1WUTA0Y3FoR0JiUmk5QVMwSk15UGpTZjJrUElHWERTY0ppTVc3TGwtanVjU2pxTVBVYk5SZFBKZ3BjQkdTZjJELW91dmdR?oc=5
2026-02-24 17:11:15+08:00,"Iran Would React ‘Ferociously’ to Any US Attack, Warns of Regional Conflict",2,Bullish,True,The Defense Post,https://news.google.com/rss/articles/CBMickFVX3lxTE9Zb0M2R3ZQYmhYdk1aVXNjcFlwYk84bEVoQ1ZFZTZLTHJfSk9LRlZPNG1WR2MxeUdnakxIS2Fua25HUGQzWFF2eUo4XzIyc0U5MXlJNGYwbzhDS2hpdFZ4YjVablJ3WC1pX2hCcHdtU0FMd9IBd0FVX3lxTE51YjBtalc5dk1rbjFTWDk0ekV3SzBSMXlSVlJTN3ZEd1c0NDJMMTVtRU1GTmIyS09WYWtoTzhMcTQ4dW94ejlBVE15aGt6dWFyMGxya1pGV2pZbXNYaC14ZUU1WHBOX1FnSHJDMzN6ektITkl4MlQ4?oc=5
2026-02-24 17:44:55+08:00,Exclusive: Iran nears deal to buy supersonic anti-ship missiles from China,3,Bullish,True,Reuters,https://news.google.com/rss/articles/CBMipgFBVV95cUxOVDcxOUdtdjVvdzQyUEJ4Yl9obXZSSDIwUUxBSHJIbDY1WEJSQWVPbFZDRnZreG5WU2xIMzN2VHBtS0w1MnlpdG5xS1pfNllyTTNfcDl6NTNoZzNUX1dzQk5jdkpETzRfT0pMOFZmbHNaLTRZZEhsZ2RmMGZaWnNOekxUS0VWc0NBRkV5NlVZdFhsRktlZXBMbEdOTUNmYlUxamFoOVRR?oc=5
2026-02-24 19:06:35+08:00,"Iran's Revolutionary Guards hold drills on southern coast, state TV says",2,Bullish,True,Reuters,https://news.google.com/rss/articles/CBMirgFBVV95cUxNN3duSTdUWGMya3NXaVFGVGFZSWVHYnEtMVlZcmpIQUpGZ24tZHdBVGVuTUJVSGdrek1qMFlySS1taWxpYmFGbmlGSDBVa09SWW9sR0pKVElfb3NoMlhZbEVxMzhYVmNpdkswNTlyYm1MYmpRN3BaTk5oQlU1TDE5dEI4M19lV1loWkFTaG1KN2w5TFpBQjF5Sk1oTFVlaVNTUWpxM0xzSDVZUWh2TEE?oc=5
2026-02-24 19:19:14+08:00,Satellite imagery shows rapid increase of U.S. military planes near Iran,2,Bullish,True,The Washington Post,https://news.google.com/rss/articles/CBMijAFBVV95cUxQZ2J5YmU2WEFFaTVzN0JRTWdkZTdYRUprM2pTU1duWmhXbzRzbWdRc1ZUY2pRck9xQnMzS2ltd2ZPY2d3bnI5b1VuZWZnVC1nM0IxWGhsWm9faFplM190ZjhJdDVKUnIxTEFid19FMjFXZzFuRXBId3dheHBhM2ZZQUpTNElKLW5CZGNFWA?oc=5
2026-02-24 19:38:46+08:00,"Israel warns Lebanon it would hit hard if Hezbollah gets involved in any US-Iran war, Lebanese officials say",2,Bullish,True,Reuters,https://news.google.com/rss/articles/CBMiywFBVV95cUxPRmdQd2hiQ2Q4MjRRLTJ1X3dSSTBQT19jX1FLYUVQUFZuWTUwTnpwdzNUNTFWdWpxMEJNR1R2MXNEcVhzSDg1ZmJTeldrdTFHdjBEOWswSFZwZURWQ1MtN25SemVkc1ZFSjEwUzFKaWZZVWp6ZkpIZjJJM2hidDN5WDNjMm9zSi1GSjAybjA2cnVfdFZJLWJ2YkF3R2FjeWFqVnVuVHVoVGpnOUFhOTI3V0RUVURpNlp1WjluYmk0V09NOFFrVUFWSzBQaw?oc=5
2026-02-24 21:58:35+08:00,Rubio to brief lawmakers on Iran,2,Neutral,,Politico,https://news.google.com/rss/articles/CBMioAFBVV95cUxPN3F5Y1dvdFFWV0NKS0xheUZ1SEtoUC1LeUR1Z21iU3JaQWR5aEhUUXRHQ3lLTjdXYkNpMWZnY1hNUXBUeTg5QmlXeGNhMjdXaThDY3hocWpYR3k2Z0NzLUpUWVlnaHBZZVpSdktHSERrNFE5ZmNfRTYxUl9aeFU5NlJyYXFHS1VyTEdfRzU1SkwwVGxjSXdlZnNZeTVuZEp3?oc=5
2026-02-24 22:32:14+08:00,"Over 150 U.S. aircraft sweep into Europe, Middle East as Trump mulls strikes - The Washington Post",2,Bullish,,The Washington Post,https://news.google.com/rss/articles/CBMijAFBVV95cUxQZ2J5YmU2WEFFaTVzN0JRTWdkZTdYRUprM2pTU1duWmhXbzRzbWdRc1ZUY2pRck9xQnMzS2ltd2ZPY2d3bnI5b1VuZWZnVC1nM0IxWGhsWm9faFplM190ZjhJdDVKUnIxTEFid19FMjFXZzFuRXBId3dheHBhM2ZZQUpTNElKLW5CZGNFWA?oc=5
2026-02-24 23:11:55+08:00,NATO Said to Step Up Iran Surveillance as Tensions With US Mount - Bloomberg.com,2,Bullish,True,Bloomberg.com,https://news.google.com/rss/articles/CBMitgFBVV95cUxNNkJ5R1VyemhIbGdhcHkxQVdJdWlHTEh6dHV5UU9wLTFhVnBnMldOR3Rkem5sSGZFX1NBTGJvTFJKNVZESzFQampzeW5HTTV6Ukl3Q0djdFk4OTRJWm9od1U3WVVxbVZicmNJRmtzNTJoQVVXZWUxaENEUlhOa3VJMmRBc1o4Nk9EZHhDV091OVdRZWIwLUJ3TXNFUWppM08tZk9jQm8yeS1TUWxsQ1EzQkw1ZDBadw?oc=5
2026-02-25 02:25:43+08:00,Trump says top US general believes war with Iran would be ‘easily won’ - The Times,2,Bullish,,The Times,https://news.google.com/rss/articles/CBMinwNBVV95cUxOQnpEVDNrYlROaHZCOGxHbWJIWHNQUFlmdmtHSWRzR1pONkswMl9fSG15emJPckxtWmd1ZDI5ZjVPcHVLMVF1VlNyenI1LXI2WUJkQllJdnE0VFMwcUljckhvX3ZoWW9ENi1nTk9WT0dWUkp3X2FWemowSmlWRkEtZWQ3X3h0RXVFQ1VEYklZeDh4Y2YtcjRFYnluYmNHdGhzdV9DY04zTTdsSm9FOFM4eXF0TzJuRnJKcFBOcEZJUnI5Zm1SLXFCYXJ6QVBOUjB0OE9yenpPc2RvclA3Q0tEa0l5Mi1rQmNGaHNSYjBhU18yV00zeXlqN2l6UzBuWnZ2Qms1WU1hOWw3d3Nwd2gyc0dPcU1BM1V1TWJ2VXI3TWN1enU2bVVubWQ4OHFGSUdhNDlMZ3dfZnNVMVhwaXVsUjdnZmxFYVV0MnZTODhTblJBeTAyTGJQSFJObXZGQkljT3haSmFEMjFsZlIxQmZuc3pQVkRRd1V1ZGxDZUY5QTM0YXRHZkM0REp6RjdmbmNETUVEMnpvc2xIY1AtRDBN?oc=5
2026-02-25 02:43:50+08:00,"CIA urges Iranians to reach out as tensions between US, Iran hit fever pitch - Anadolu Ajansı",2,Bullish,True,Anadolu Ajansı,https://news.google.com/rss/articles/CBMiuAFBVV95cUxQUks5a1Jmc1R1NkZrSkEzV0ZBTV9jUmQ2N1QzZHNmTUZjZTgyOW5MYjVzd3ZMQmlCajNCSGlZWW5zYVZLWGRZR0FPZTRwUGtENEdNQ2NFMC1aZ2hBWXFFSFJYNGJNRHpROXBTYVM0QlU4NGhyNHhNcjQ4czFYRnhrWDZZSjRfYmRzS3k5ZmUzR2ducUJxakhPQjAxTmY3bGppZDBFdkVBUVJWOEpOOXBDc21YQ1p0Zm04?oc=5
2026-02-25 03:28:03+08:00,US raises stakes with F-22s landing in Israel as Trump weighs options against Iran - The Jerusalem Post,2,Bullish,True,The Jerusalem Post,https://news.google.com/rss/articles/CBMiZEFVX3lxTE1IN296YXhhUXY4N3R4Ylk5MTJNVW5KdDB4c0VodldfOG1fS1pNWl9oZGhKbk9WYnA1b0I2YVdmVXV6TGdndElyOE1sMkhUY2NFeHoyc0gxVWJKQnJ1c08wMW1vZGY?oc=5
2026-02-25 04:35:52+08:00,Senate Democrat Opens Inquiry Into Iran Transactions on Binance - The New York Times,2,Bullish,,The New York Times,https://news.google.com/rss/articles/CBMilAFBVV95cUxQTVZuaFB1YVB1QmxGcGg4NkdkQW9mNjlPTTA1Mkg4Tzh1OC1lS2RKd2pmbHR0Y3drUzhWVllyMzg3aVo3YzZGY1hYVEFpWmVLNkZ4QWpYRVE1TEJDSGY3MTJSV2VqaWdqWDNPTlR5ODAwdkd2eFpaYWdaYmd0YzhFdmlVcU94RG5fQWtHR2VXN24yV3d5?oc=5
2026-02-25 05:43:09+08:00,Iran’s shadowy chemical weapons program draws scrutiny as reports allege use against protesters - Fox News,2,Bullish,,Fox News,https://news.google.com/rss/articles/CBMivgFBVV95cUxQUmctMkVkcjVUY0R6ZU5GOHQycjlQTzd3cE05YnJNWjFKZUFrTkY0ODRrLVJxQ25Jajl2VVY2Wl9Ma1BNX1RyYlRKd3N0dkpzUFlYdjF0emNmaFFZTlh5MEtzdG43RDBCTGhuaW9FOXdIT2FDWmRXNWtrby1NMTRJMHktZWktZjlKeXYxY3VvNUlReHlmZ2VTUnlzakZud1JHY21IcEhwN2FXMl83TDFyRmVNVG9KOFIzVjZ5SUpB0gHDAUFVX3lxTFBwR0dTLVZVdnNUSzNkTE44Ny15LXpxTFhFTVpVNFNzaVlaNUpCeUZ2Ty0zM0FyYzQwMkhUTzdKanJjVW9PRjk3c0NNemN3OS1QMGkySjN6eEZQYVg3X3RmZFloNHFjdWZ6b2Q4TVNaNVdxLTB3Y084N0Iya1dna3NBS3NDZ1lIelFQVnYxQ1EwZGhBRDFRaWxKcDVMLWg1aFQ0RkNwTVdXUG1yczlNM1NXZE85djVsczFCbldLZDFQM3IxTQ?oc=5
2026-02-25 07:23:00+08:00,Senate Democrats emerge from secret Iran briefing warning of ‘serious’ moment - The Hill,2,Bullish,True,The Hill,https://news.google.com/rss/articles/CBMifEFVX3lxTE0zd0FyTGtOMmZoZEdKUmFXUXZGb1d3c3R2WWMxZE5JNEhrSHgzZFR2Y2Nsa2V5R0JETXY5aEdENVRaZFhKVldTb29aV2R5Vkk4VG5rVWVXSVhHWlU1MThJZjdnSVZKUFpxaEQyZUNMR0plUGVXdXVkdk5GeVLSAYIBQVVfeXFMT3RLODdLajktM0QxaGlJQS1fckF1TzM0WWlmaE5HS1Q2azlSVlBDWXJLLTd6WWtoalJSa0VSUm5NVThZU0tWWW56UjFOZS1kMlZKbjF6clBSbGZmdFRhRTkyNDI0cTBxbkVzVHhCR1hTdFdpUDdPSkJIdzkwd1hWUmJPUQ?oc=5
2026-02-25 12:10:00+08:00,Trump says Iran is developing missiles that can reach US - The Hill,2,Bullish,True,The Hill,https://news.google.com/rss/articles/CBMihwFBVV95cUxNbG1WZ2pETVVuOVo4RmFsTEFmVjhUTUNNZ2Voem5BY0ZrRzNzTzJqZ2lZR0I5djNUZVFuZmtaT2xDTFdUSmQzc2NkbmZoeTdCcUFtdk5vU2RDc0hsWmRvaG56bVAtcEU5dE1mVUZER0p3UktzWGswa3B1UzlLM1pOVHFmVVRxc1HSAYwBQVVfeXFMUHlZdUZ1Y3BuU0o3MUNJWmdCSHdEc1dXN0FqN2VkVkNVMXM1eHI2a3RUR0drWHNFQlJqNTNWbmljWTZ6SUxKa1FBOFV1dXpvU0ZGMWwwU3BDYUI3NENiZEgzREpReFplV1BuV3FRT3JTdVluMlV6RmhzeGxsRnBoN2J4TjIydjlCdDFZajI?oc=5
2026-02-25 13:21:00+08:00,Japan demands the swift release of a Japanese national detained in Iran - The Hill,2,Bullish,,The Hill,https://news.google.com/rss/articles/CBMiwgFBVV95cUxOdlhTVnMtemwzZTNWMWdCc1V6aURFeEhYMGplN2YxMXd0TGtPUWNncGZ4TXJxNUprSjBVbE9vQ3NBck11d0VWa0tmdEZPdU1sd0pLQ01EaGlEcTd5Z0pUOG9yazM3M0N2ZlBSb1c2TUtjc1V3a0xIc29jVVZrMWtwZHBXa0pQdzZ0b2Z3bTd0X1YyQm0xR2wyZlp4eUl2dDFHT0R4MlVuNmhJdGxpMTRLTkNWTGxqcGJaWTRzakxJbDU1d9IBxwFBVV95cUxNaTBtWUlGU3Rkb2plYmFZSGQ3TE5rZ05VVHhPLW40WFVBczVaTXlJTnVTLURlajFGb2tHb0xZcWJ6Q2c4b1dxVHd1STNtTVZCTEIwN2tmRHRVRkZHMnlTb3htVl81U0Q2WTdzU0pHSHdWYWpFZHkxd1UyM2NlaXIxNXZGZlN0WjZWSER3NV9jOUV5WG5vM1BkY3lib3hmdkhidDg3N0xvWmg0UHIxMHZxZVBDR3NOOGJzRGl3cWRURUxLSVhQTUgw?oc=5
2026-02-25 14:26:00+08:00,Trump Says Iran Resumed Its Pursuit of ‘Sinister’ Nuclear Aims - Bloomberg,2,Bullish,,Bloomberg,https://news.google.com/rss/articles/CBMitAFBVV95cUxQdXBRQlp2bUtiZ2EtSXJUMWZhU3dlLU1PUlFIQlRJcUJCMWI4QmVaM1BuanBNLVpEX3BrQUxRMVVTdFVveUdiR1ZXTVVOc1hVZ0k0QXVDeExFYW56WUtEdFNTU2pzc1hmaU52YzB4SHFNWWgwUUVsT01xakZMRXNWQm5jM3hRYTVmcFBSd0FOcG5kcHIyZDZlM2N4NHlieU1QOFVySWNZNlpSNzBuOWtuOUhSMWc?oc=5
2026-02-25 16:31:28+08:00,Russia and Iran Slashing Prices to China as Oil Piles Up at Sea - Bloomberg.com,2,Bearish,,Bloomberg.com,https://news.google.com/rss/articles/CBMitAFBVV95cUxPdmxkemlxWXh6bVlZU0Q0SkpEaUFxZVdrTlZiUlkxcEFQeFQzY2NieU5zNXpNdjFJZzNqVnREeUM2RnhUd2R2YkpTUGVHOVRJYmR1YjRZb3BkZk1Wd2NCSFZHX3UyMnh6aWdBQU90c1FOakxFbGdhbTJwTXB4VTAzeWxQRkt1R2otWkcwc2RHQUFTdnpnLUNWaUJSWlpxS2RMS3pVMkhOOTJVNnc4MGJBVnU5SHA?oc=5
2026-02-25 18:04:25+08:00,"Turkey evaluating potential measures in event of Iran-US conflict, source says - Reuters",2,Bullish,True,Reuters,https://news.google.com/rss/articles/CBMiwwFBVV95cUxOek56OF9icUZhQ1Npb1d2OXlLWEtRdDJtUXdCMm1HaXZvZUVrYVVSdC1tWVJEZ0ROUUEtdFlnZENRR3U3aU80UEdMTU1sMlRPMS1ENHJTb2l4VE5EX0ZpWHJwcWMwcVJQNF83OXJwNXJMSElIcEhIc0xuTzJXbjVhYkVkVmp2NTQ5YkFZZVV0c3hLeVhkUUY3dG4wNnhjcDE4OHRxaG1FdnV0RFQ1UWZjSE9JclRQQVpoZjRVdFhpUnVCb0E?oc=5
2026-02-25 18:55:19+08:00,Verified video shows student protests in Iran spreading to more universities - BBC,2,Bullish,,BBC,https://news.google.com/rss/articles/CBMiVEFVX3lxTE9sWGljM1ZQelhuZ3Bsc2ZCTWgzRjhUNndBZjQ3SHpMRWIyekl2QjAxcW1zemJQdG5CbG9fdFREcDBmX2Z5UjROdG5uOVdudjRVZnAtUw?oc=5
2026-02-25 19:00:00+08:00,House appears on track to defeat resolution curbing Trump’s war powers in Iran - The Hill,2,Bearish,True,The Hill,https://news.google.com/rss/articles/CBMijwFBVV95cUxNYkgyUDhBc2xqdkpMdThPbGlrRVBZNlhUWkNFTFFBaWV3ekxxTHFGZTZvWEpjRU50QzQ5dWNPalBXS3NsSzBJZ21yd3NQTUJxVzJ5NlJ3NlZGMF9pcGNTb29vcDFkRkt2X2h6LWRnemt0cktkR19nWnhRSElSdmFqeGZWbFppb2s1TmZSYXZSY9IBlAFBVV95cUxPV0hxcVJ2bV9aRlVFY1czZWlyRnFSX2Q4MFdyODRvOVB3anpsT0FzbDhQWUZuYUhrb0JHZ21IeDNaNkRNZmcyWXJHM3hvTm9rYmlVdWFhbE1ROHo5bHpFdUNyLXkxTkNqTjh0UEFZS0hMd3ZtaElHcXYwckVlTU9WM2pfem12Vnd4MXBZR2RSY2lNaXE3?oc=5
2026-02-25 19:32:15+08:00,"Surviving strike, Shamkhani resumes central role in Iran's war room - Reuters",2,Bullish,,Reuters,https://news.google.com/rss/articles/CBMitwFBVV95cUxPNTdOZ3JtQmRzS2hxNXQwZ2tqR0FWcnRTRnNESkY5cV9QZ0ozM19yRVN1ajU1V2JLdmRnMDB5akxKb2pLTTJSOW9XRnVFOWl6OUcyOVY0bFU0ZjdoYW44YmRzS25xRXpLd3J1ajdLOE9oSTJmQV9tYUNvQzdtVzRuVlQ0dTJEZXJtVHBpbVB0cHNKTFRYRkRzNXM5c2dNc1loemN1enNfa0lxSFJLU2ZONk83SHR5clU?oc=5
2026-02-25 20:58:14+08:00,Iran Ramps Up Oil Tanker Loadings as US Amasses Military Force - Bloomberg.com,3,Bearish,True,Bloomberg.com,https://news.google.com/rss/articles/CBMiswFBVV95cUxQUXhES2p5eXMwdlczbzZwc0VUSHJiZzJSVXd1UUVyaG5DTWlQVlNOaFR5Z2pLSE9DZW9KOGgyM0FVRnAteUNIb25YV00wZnN3LThVZlhOMXlKcnVzSmpKeGQ4TF9jdlNzbnlqR29KTUtzektQbElvaGRtN0ZzQ3l1MC05ZUEyN29YTmNwNU1nR1JLcWhBQW9icXNWQWtDcUdXOThuZUdQR1dWNE1SYnJlYVNPZw?oc=5
2026-02-25 22:17:23+08:00,"Exclusive: Saudi Arabia boosts oil output, exports for US attack on Iran contingency, sources say - Reuters",4,Bearish,True,Reuters,https://news.google.com/rss/articles/CBMiyAFBVV95cUxPOUNsQ3FDckstNXp3OTZ0TDNfWi1tMHVqRTY2NmF2UHNpb1k2aXBuNkN0UTdQOVhTckZBUGk3Z3JHTDJ3SGc4RjJyekxHelU2b3ZxN3hZMTE0aTBjb2lUbE5QWEdSMWZrRkJoeWZHcUItN212TVNGSXBDdWlzYkRrUVFNUC0wSjNpS2E5Zm1yRVZnZEZGRTFWcVA3bWg3bWhFckViOXpaWl9US2wySEIwN1Q1UjhzLTVWTmVoQjBHeV9oYmVVUlM2MQ?oc=5
2026-02-25 23:12:35+08:00,"US Treasury issues fresh Iran-related sanctions, website shows - Reuters",2,Bullish,True,Reuters,https://news.google.com/rss/articles/CBMitgFBVV95cUxOWjBNUDZTcmpZYVRSanZKWkxOalZLOEFjLUZZVG9CNzI0NG10VGFpelk5UU9taTF5Q0tHU0U0UFFUSE4tdlZ5ZGtOU3V5Z0UwMEk3aEtpRHd3VVF0TEpTcXd3RmhtZnFMTXJoOGhpWXktcXZ5UUlWMUYtTUVfaXJEU08tVGpoOVpTZDkxLXhUbDlsNTJNZVFfRFVXWmx1TXJCWGFlY2dKLUxiVURUNzVCMm9RVFBxZw?oc=5
2026-02-25 23:27:03+08:00,Iran-linked hacker group claims to breach data of Israel’s largest healthcare network - The Times of Israel,2,Bullish,,The Times of Israel,https://news.google.com/rss/articles/CBMitgFBVV95cUxPMUd1dWY5UDNDeGFhMVJqR0VMVlo4SzlCX1U4QnQ0YnduNkxxbEo4R1phbGxCRzhBOXI4b1lpT2RVTllVNXN0NVdaS1RnQjQ0N3pyRnY0RnVxTHZZVmlJcm5sZWpmTUM4S0JMdXRfdXJjR2NGOGtZRVVnZmhxeVE2cG5rSFVHX1hMdi1FSi1nVjN2cWVnTUFvOTRqZDZOYktDUUJVWmJvaWxUV3ZjUjJOajBfZ1N5Z9IBuwFBVV95cUxNeGo0cUZoa19oZXFUbDlTc2JhNkdWMUN1bWYwelQwYzVqSTByRmx5ZlNBRGE2TG14TWEyRFVoUVlKS3NRbklPcFA0cHphUHRoRThDUThYdXZpUWJtZ1oyaUpOXzFKcWlHd2lpSmpzbXVxYlo0Yy1lQjFjamhYclhmcm5iYmlXd09kMnppV2t4ZUZPNVl6WENqOFRxQWpxT0hvY01WOVRJNk55Tk1PcWdJSE13NW5Wa1VCeG5n?oc=5
2026-02-25 23:30:43+08:00,China refiners turn to Russian oil as Iran faces rising uncertainty - ایران اینترنشنال,2,Bearish,,ایران اینترنشنال,https://news.google.com/rss/articles/CBMiUkFVX3lxTE1PUUNIRHRmUXdQMzV3N05vOE9RdTVvOE1TWWVyRVZ1Nkl5SzRBQjhwWHhuYXduZzI1S0UzeVh6VzZYR3M1al8zUTg3bkoyc21OTFE?oc=5
2026-02-25 23:40:53+08:00,Hezbollah will not get involved if US strikes Iran - The Jerusalem Post,2,Bearish,True,The Jerusalem Post,https://news.google.com/rss/articles/CBMiXEFVX3lxTE85NFFGUW5RdlpOcnI3cDlnTVBTQUs4em1jT2pmWkdJR2ZGcHh0YUV1U3ZRWjR2b1NxZHJKY29mRGpQZk5kSXNIR3lRTnFzdWxlTjQ1LW5RcXZNNXhi?oc=5
2026-02-25 23:58:17+08:00,Bipartisan bill aims to expand internet access in Iran - JNS.org,2,Bullish,,JNS.org,https://news.google.com/rss/articles/CBMigAFBVV95cUxOeE40dThnc1pqR2x5Z3FPd0h2c0hXbzhjcHoxa3liZFUtOTgzeXhkdWxrSl82RlFkcEQtaU1MNUU2TDhkREtSTnRra3E5amRDbEJNTkIwQlNmVTFHVlhWdmFxMDR1WGJuWmQ3YnNGLVlvUlhobERuME16VmNJU2dqYg?oc=5
2026-02-26 00:02:16+08:00,Vance tells Fox News Trump still prefers diplomatic solution with Iran - Reuters,2,Bearish,True,Reuters,https://news.google.com/rss/articles/CBMiwgFBVV95cUxObnp6b2JaMFFmd3phZ3hMTEsxM1hrbnNQVWhjR0YyRTlMR29NZU96dVctLU9STHducUZEczJrWU83N3laZHZ3NEUzOHhFZDBkeG1ydEVUTm4xRmNVZTRmOTJFa2VCT0pBZkNWR2VGUjZLQXRncGFQdl81bEVqeW9neEFRRS1nem9tQXZweVBwcUVJLUxRcndESWVOSUVjeS1GcVlWSlJyUUVuR1YyMXhpT3I3X3NDSEdEckdoNWJfbDE0Zw?oc=5
2026-02-26 01:59:05+08:00,Scoop: Witkoff says any Iran nuclear deal should last indefinitely - Axios,2,Bullish,True,Axios,https://news.google.com/rss/articles/CBMif0FVX3lxTE02aVBfazBSenFTcHBXQVRRUlRVdU9LMzJ6TllLVU1jNWdpSlJmakpWRHlvUi1aT1RleDlJc3lqbGFWdHpzeUY0MDFqX3hBZWFtSjJva0puU0ZYa2FkT1ZuOUh6bmI1Q1phRFhXQjM5WmtnRVNTa2RGWEtwWTZSTlE?oc=5
2026-02-26 02:00:00+08:00,Iran rejects ‘fictional narratives’ of power grab after protest killings - Al Jazeera,2,Bullish,,Al Jazeera,https://news.google.com/rss/articles/CBMirAFBVV95cUxOaHk4X3pGd1JldHkxdTdSdWJPekdRV01HMXoxbFhDLTVZcmNPOTJ0NF9EZW1GeG1BOU5hQzZZU3FUNUliRXZwbWJYY20xOGZoc19YZnJQOHFrQ3dVVXJFLXpueXpDaGhjMXF0eUFhNk5DQ2hlR0R0em9BSXVWOERmLVlweHBZS2ZIRWdSWmppdEpPVGh2QmktSDRLeTNuMkstWHZ4OFY5a2xwQk5l0gGyAUFVX3lxTE1IOUhLa25jdUZGeHFZeTV4MFFSbmptUVI0anBzRDFLUnlkM0xRbkUwcDhNUmR3ckRfMjVDQmVfLUwxTnM0NG5WWWxPd3FUT2lfSWxKd0wyT08tR1Bpb0F5VzBiYUFqaUxVUDhCZmlMeEJCeTdiNWtkVnFiSXVEMjFHcUpXOGltcmlrUENNcHBiM0RNSEpNOWc2TTdBNHZOdmptOUJZWlpNRi04TkhHd0NKRXc?oc=5
2026-02-26 02:24:00+08:00,"US slaps new sanctions on Iran oil, missile networks ahead of talks - ایران اینترنشنال",2,Bullish,True,ایران اینترنشنال,https://news.google.com/rss/articles/CBMiUkFVX3lxTE1XWVdHU08yQXFfdXVRZ1VfM2RNZWVWSjhnU2JOblM4WFd2X0hWZjNBLXdSNTI0TU9RLVBSTkdXWkNLazR3MU1LZU9vOWlqTU52dVE?oc=5
2026-02-26 02:26:58+08:00,Iran’s Students Repel Clerical Forces as Regime Admissions Reveal Deepening Crisis - National Council of Resistance of Iran - NCRI,2,Bullish,,National Council of Resistance of Iran - NCRI,https://news.google.com/rss/articles/CBMiyAFBVV95cUxOa3FqN0RGd1oyYXVlY216eXktSmVFSnE3YTdXcUtzbnZ4b0Y1QUZXRlltZzVKM2RhSlFUSDA1OW1xLW81QkFLaExmLWZta2lpcFRScjZBM1doWEFwSjg2OGdQMThhWjE0WkY2NHFsMi1pZG9vVmhrOVY2ZDNwZU1FdkdvNzlwdm8tRGtGdVFPcHI0T01fcWN5OVE1a0tPclAtTjhXbDJ6RXR5Nzcyb3pfLXc0QXdneWhOaUJHQlE5Tm5kblpEY2FuVA?oc=5
2026-02-26 06:28:29+08:00,VP Vance says US sees evidence Iran is trying to rebuild a nuclear weapon - Reuters,2,Bullish,,Reuters,https://news.google.com/rss/articles/CBMivwFBVV95cUxOeUZGOFZleXRYdGgxeGk3ZzF6V1diam9rbHd4UTJBMFBFTXBHWGJFMElGLXBNQW53eDh0M19TQ2RZUGp2TWRoSGxFMDhjX3dPdVVkNnItNkJ6cWhQMmVwNnlRVk9YeTJmUWp2eEE2UHVTOGNMTjgyQ28tLWVXN0NjanlmTWlPWHR2b2FYd0NMMnRzSXBZMDRaN2NMOXdaQ2tRam5rb2R2bV9iVjdRdHJVVElRY05qblJ5SmtCbkNLbw?oc=5
2026-02-26 08:01:05+08:00,Iran to offer ‘commercial bonanza’ to US companies - Financial Times,2,Bearish,,Financial Times,https://news.google.com/rss/articles/CBMicEFVX3lxTE1CRVA0dFAtMGZXekV0WW13c20yUGlDWE4zTlU0WEhPeVNad3o0dXJfZkpFdUIwM3NKNFNKcUVGNXdHM0NqQzBnSENCWnNlTnEwTG1NMWN2N3cycHhQTC13SDlscjZVU0NXUEFCM0RRMUk?oc=5
2026-02-26 10:23:00+08:00,Middle East travel warnings expanded as tensions between US and Iran increase - The Guardian,2,Bullish,,The Guardian,https://news.google.com/rss/articles/CBMiiAFBVV95cUxNN3hUZVN0a1FDWTduR0pibzhIN0o2alBSSEkyd2ZnR0ZSdW1QYTVrSE5zNG9wcGhpUzAyNi1lVFpTWF9CaVFCTW5WZXJKMjlkOWx6OU4yazllaDRrd2x0QUJ5WkpMTHpIV0VFcVhLOC0waG5TR0E0VHk4d2paaDhvXzBlMTRyNTJ5?oc=5
2026-02-26 10:32:41+08:00,Human Rights Watch accuses Iran of abuses against demonstrators protesting the regime - Scripps News,2,Bullish,,Scripps News,https://news.google.com/rss/articles/CBMiywFBVV95cUxQX0MwSDc2Y1U0T0lVTEY2X3ZyU2Y4eWswdFRSZVk4Nk1NQTNPWFZqWnNmR3kxOWFoakhVd2lYM3Bsa0dTa1RFNkZvX1A0dzEtSERsZGl4aF9idEZ3dzFEenR6TDFHQU1NS1JIcmVYVHgtQUU1U1ZuR1hteXJSUVBsNXhlSk9QWjZsb242alhOWnN2cmc1djhBNXJISDdfenFWaTE1aWp4TlN6ZnZ1TjhBSnJJYUp4bmFQM09Ec0JZeWYtaXJOcDQ2d2Nkaw?oc=5
2026-02-26 15:27:00+08:00,"Iran Offers U.S. Oil, Gas, And Mineral Investments To Secure Nuclear Deal - i24NEWS",2,Bearish,True,i24NEWS,https://news.google.com/rss/articles/CBMi6gFBVV95cUxOdE1xenJ4a1Z0ZkZha09wcnVfOWd1eklRWWxvaS1rVmpRcF9VTDVrRXhGVkNLeHNGRWZzT0lMQWhyX0RwR1NPYTFIaURQWXRybWJBOGd3MmlKWl8xbXdZaElyWkVValBmTWZLLXhwdHdWdjhoTkR6S2ZKY1JYd0F4OGpfTGVaU2N4eHIxZU03S1NicjdJc1lRbngxaVlmRE1jeXBiUUVxcXgyVUQ4bWpDd2xRWTBkQXc3ZlZnQkotVm5DQnoyXzR0NndrUHBNNmhIaEpTZVpzMUhDYkhkc1VCOE54RG5lLU4wM1E?oc=5
2026-02-26 17:06:59+08:00,Report: US prefers Israel to strike Iran first - www.israelhayom.com,2,Bullish,True,www.israelhayom.com,https://news.google.com/rss/articles/CBMijgFBVV95cUxNSnVESDR5NEljYm03RjBodDBmSXNJLXRabnk4YlJSaVoxRnkzZkFaM1BvTDVtQXpzcU15VzdoejJtMEN0WlhxTWZqZV9NQ20yVlpzUG1UOTlOckpYU3N5QXphNXVBNkdxamtjbjBlU196ajhNUTZRNTNOSUJMR3BoNldTOV9NZW01bl9wdVpB?oc=5
2026-02-26 17:54:00+08:00,Iran Builds War-Time Leadership Structure - Caspian Post,2,Bullish,,Caspian Post,https://news.google.com/rss/articles/CBMifkFVX3lxTFBucGtSRDI3Y2tpOGRfei1ZTk1Gcm9BbUsxRlc0Z3VHSGg5dXFSMWx0N09rYm9hRERYVTFKc3dTYnpOTzQxaGw3c1Z0OU81bTRkMzRta08td3Nwa2pTN1VXdUh4T2RFQ3ZWZlpWOEljZWV3ODJjazIzQllwMVlUQQ?oc=5
2026-02-26 18:16:36+08:00,"US Iran tensions live: Oman says US, Iran open to 'new and creative ideas' as fresh talks begin in Geneva | World News - Hindustan Times",2,Bearish,True,Hindustan Times,https://news.google.com/rss/articles/CBMi9wFBVV95cUxNR2Q1bWRNWFhLSTF2ZVh4T3U5TU9jNncyMllrYWwzTTR1ZEFabUpDZ2NQdHFDNTRoZzRydXBsOXVnT2t1dTFXTXNvYjdZTkktc0xTMXVGalZxbmRXNFhpVkZjOTZiLXhPZEVPMVd3VlNtdkI5dFlkaHE1TGlzVUp1RDE2WklVRDFoMktKbnFzandMOE9OM1dFMERGUjZmd1dSaS10cEdiUzRlbklXUlhNTHhqdDRxVGhPSDk2emVmcmZCVUI4V01EN1dZaEZLSVA5Z3Vscm52TzJSWWtsVDlGQnpnanY2TnNJdi1SOVYyaFM5UFM3X1Fz0gH8AUFVX3lxTE5ucEJ5ZWR0SFFMRk9mR2UzTURUZVhja3BobzB5ZWJsSHNGczdFQVNGbW02emdyQUlpMk1PazNSekMzY3FMRXVEZlNHQWR4NVJoQVFVVzdQT3ZfbGp0bWI1SnZQVlAtTjJnY0lNYnBGV0EtTmxkQVJlcUIzdThNRE1zcXYxWkc2Y1JYQW4yTjVrUFhQQzdmWmx0SmstaEROVFk3cXBGYW41bURMRjdESjRQZ01uZXkwVVMtV3k0cGZ2QkYxbkhVdkU1MWM0MDdNNXcwUFU0cnBVeE9JWXNjelQxM2RXZUZoRlhqMUJOYVAzZS1OYi1FM2MyU1hpWQ?oc=5
2026-02-26 19:07:50+08:00,"U.S. warns Iran's reluctance to discuss weapons is a 'big, big problem' as fresh talks begin - CNBC",2,Bullish,,CNBC,https://news.google.com/rss/articles/CBMinwFBVV95cUxQX01kR0N5TmhVMjFSV1ZlRUVuMTRpMHh5QVhBamxMZlUxbGFqYzRZcjlEU2ZaTjROcTJJM2tlVUJEZUxiSFFWdl8yWEtrcGg5dkVQOEw2OFpiMW9kV2lvR1QzS1lXd2pQMkpxLXNqUGRMZE9aRkZuOGMtMEplelpNTlcyRlpWZS14V3pJRmtqR093TjBlOW5FUGZNTlcwbzDSAaQBQVVfeXFMT1NQY0J5bXdvajQxSGdzTnlTeldoTmpFSDFycWpMdWhQUHlSd2ZOcUgzb1ZnaENVeGpEQUlweTR4cV9TUnFMenREaHl5b3ZRN2RqVVp0UmY3WnRkR1lLUW1aZnpual9jRkJLYnlqMHZhZXVvNm50RlVuZG9LT19HUUJCeXhzRE5KaTBJNlJtc19ucUJ5UWQyeENrZnhSOWVYYXdTRWM?oc=5
2026-02-26 20:09:00+08:00,Iran vows to target US troops as Trump threatens repeat strike and more top headlines - Fox News,2,Bullish,,Fox News,https://news.google.com/rss/articles/CBMipAFBVV95cUxNSENoMnkxVHhIMEZydWZadWV5bkdYTDdMYUhfYjdMTDNndXhjVVl0SkVGNFJCLTdEVktiSUZQalNOMUlWQkJtdEFIb0huYzR0S3M4ZkJtOUZJSkZKem9TSk5Dd0xYc3V3WWl6cU1ZSHllWGxzX1JVbXdqRVJPb1ZFTVRXVlI1VUZZcHdpblUxVVg0d1VWSVM2T3lIcU51WV9KYkFPcg?oc=5
2026-02-26 20:44:30+08:00,Omani mediator cites progress in indirect Iran-US talks set to resume later on Thursday - The Washington Post,3,Bearish,True,The Washington Post,https://news.google.com/rss/articles/CBMixwFBVV95cUxQZTZ4UUl0TVR6eFhDMm5uQldINFpTaUxpNFgtc05DMEhpTmRneU02aUpWMFZQV3RWbUxKWDZFYnh5UG5rZnZoaFhIdDYwZ1pCUmNKTWN6dGhjcUpnS1Q0V1U2bVpsZ3lNWUVkcEY2WHVlOUg5QjFlZ1Bwd3p6SnhiWEgwUjVmbDM5Q0Y4cWJwWG9EcGZFelFUaC1Zd25kOFdFTWE2M29MZGctc0ljTEdiaTZsRjFzLVRYWGFKbjhEX0JsWUhwaFJz?oc=5
2026-02-26 20:52:17+08:00,"US-Iran nuclear talks pause, Omani FM says, hailing ‘creative and positive ideas’ - The Times of Israel",2,,,The Times of Israel,https://news.google.com/rss/articles/CBMiwAFBVV95cUxPSGRyM1RrMHRObERjY2tOWmdNSlhzc2tNYUF5TEdGM0RTaUJzcF9wbjRTbEk2SHFCWVRGU1RlMjd0QzJNODNuZjI1SzhLc1A3a0pSWmJfY2xXRjhYbGt1SmM0ejRvUWJ0Qmc4X25KVFlHUWpBTVh4SGtqOTlTc1F1UjI4Rl9pamZISWRJeDhxUGdQVkdmNHNlTkE2RGtzUF9vMUpxbzh4TUZJaEpNLV9JWnNBLVZXX1FiUzdHNkRLUlA?oc=5
2026-02-26 20:57:43+08:00,Mideast-Asia oil tanker rates at highest since 2020 as Iran tensions simmer - Reuters,2,,,Reuters,https://news.google.com/rss/articles/CBMivgFBVV95cUxNU2xfQXFUUXY2U3lpamxjWjg1X3VaLUttaVVPZWFtOHBBckFtcVQ2ZzQwSnZmRTE0d2g2SFpTUGk4dVdVemh2VjRVVEtCM04zSGFGVFhaVUtHa2w2ZV9CUjFhVDk5eWRyU0tOa3RqOGFrbFdEckN3ZVJWenN4Q2ZaY1lwZk1hbmM4dVdwWU1jSDlwcWljMHZ5WWZzVVliMk9SYS1lQmNyRDhyWnVmZF9xamRJbUo1S1k3aWFoc2dB?oc=5
2026-02-26 22:54:22+08:00,US Iran tensions live: Crimes against humanity complaint filed against Tehran minister in Switzerland | World News - Hindustan Times,2,,,Hindustan Times,https://news.google.com/rss/articles/CBMi9wFBVV95cUxNR2Q1bWRNWFhLSTF2ZVh4T3U5TU9jNncyMllrYWwzTTR1ZEFabUpDZ2NQdHFDNTRoZzRydXBsOXVnT2t1dTFXTXNvYjdZTkktc0xTMXVGalZxbmRXNFhpVkZjOTZiLXhPZEVPMVd3VlNtdkI5dFlkaHE1TGlzVUp1RDE2WklVRDFoMktKbnFzandMOE9OM1dFMERGUjZmd1dSaS10cEdiUzRlbklXUlhNTHhqdDRxVGhPSDk2emVmcmZCVUI4V01EN1dZaEZLSVA5Z3Vscm52TzJSWWtsVDlGQnpnanY2TnNJdi1SOVYyaFM5UFM3X1Fz0gH8AUFVX3lxTE5ucEJ5ZWR0SFFMRk9mR2UzTURUZVhja3BobzB5ZWJsSHNGczdFQVNGbW02emdyQUlpMk1PazNSekMzY3FMRXVEZlNHQWR4NVJoQVFVVzdQT3ZfbGp0bWI1SnZQVlAtTjJnY0lNYnBGV0EtTmxkQVJlcUIzdThNRE1zcXYxWkc2Y1JYQW4yTjVrUFhQQzdmWmx0SmstaEROVFk3cXBGYW41bURMRjdESjRQZ01uZXkwVVMtV3k0cGZ2QkYxbkhVdkU1MWM0MDdNNXcwUFU0cnBVeE9JWXNjelQxM2RXZUZoRlhqMUJOYVAzZS1OYi1FM2MyU1hpWQ?oc=5
2026-02-27 00:26:53+08:00,Democrats plan to force Iran war powers vote next week - CNBC,2,Bearish,,CNBC,https://news.google.com/rss/articles/CBMidEFVX3lxTFBvRjctY3l4dDlIUTlaNm80V0FfYXVhcjk3QTAwZHl5Qm5vNUNMbHJYaGMwVFJEaTdlaTI2QmpDUWJzU29DSG5UbnZOVmNiMzc5WFVyTnRVUEhnOHJxaV83ekVWS29KczFHZlRTbGZVNTNqZl810gF6QVVfeXFMTUlialBvNHRma2R3Z2Iwd3dHWDZsZXBIbm1UWEJiallyWG1mQWMyMDdRV1ptZ0FyU1djV2JjY2ZkcGNiSHUxSUNTalI2QzU0Mm5lRy1uZDVVZDVuM2xxVTRCVmZnaUtMLWoxOVo0Rm42QzVpRHpRQnp4Zmc?oc=5
2026-02-27 01:07:00+08:00,Convoy carrying US diplomats returns to location of indirect talks with Iran in Geneva - AP News,2,Bearish,,AP News,https://news.google.com/rss/articles/CBMilwFBVV95cUxPTHcwR3V4eUZtLU1GbFhsWElIb3BRX2lQSFBZY2YxZ3FHNk1pNFdCT093TDZyUVh2bmR2dWpkQnloTGJIaF9XdEU5ejExX2xQblpHME5NeXdseGxxVUkwMFJjVTJnRE1YSzdyRWt2ZGVpZWFjUUVIWkJTaHdvMjNGNGdMbUktU05ERnp2bXN5cURrOGVpTUlV?oc=5
2026-02-27 01:30:00+08:00,Georgia is becoming Iran’s sanctions evasion hub - The Hill,2,Bullish,,The Hill,https://news.google.com/rss/articles/CBMif0FVX3lxTFBKRTVuLXEzd2VnV21nMW9CbDR5RWtPWjZFV1pIMWkwa2ctam54NWVPdDRsejNpWTVZeUVfazhwbWYxay1QbnhGbVc3MnlKTmhmRG9SNkF5d0lqQndkYVc0WVBFUG5UOFpiZFZTc3AzNzRBNWxyakt1ZmNyN3ktYzjSAYQBQVVfeXFMUHVPRzJaVTBvV3A3eEx6UG11bDNuQ3VmY1VqNFR0TmlRUHlfLTZJRUFoaDI2bmxDamZCUTVfWVRuTXFYOVc4eGpmU2dwNUFMdDNBVDBjU2VtNFhxVTVlcnpXLXRXajRBSUxhaDdzbnZNbHBzSXE4MFM4dE1wdU9nUzJhNkRD?oc=5
2026-02-27 02:22:48+08:00,US-Iran Talks: Khamenei Aide's Bombshell—'Immediate Agreement Within Reach' If Focused Solely on Iran's Nuclear Non-Production Doctrine - The Sunday Guardian,2,Bearish,,The Sunday Guardian,https://news.google.com/rss/articles/CBMihAJBVV95cUxQMDhNOTQ2MHQtQ09lTTQyd1NuYXRnN1kyRjZ4cGdMbXZSNUpTcjRHbVNOX0xCRllWY1NZdnYySFppb1lmczJuUkhwckwzdmZQMnZ2RkFDd2d3Wk9xQUZnejF0bjhPYWhBVlFFXy1zdDRVTTFVMlNzUDM3aWhMbF85ckprRkdrSnZUVUNqeW91U1FLM2dKTEd3d0dWS1lrNDVrOWN0Rk9EWVozSEJwMXlzZWhmUWhQUEczN2NhbUQ1MGtJemlKWFFNZmY2b1h5TEViU1dIVzNTN1lnRmc3UmFBNTNiUnpocllOU1NXMG8wanV5VExQb0kzUlJsVWg3cmhGRzZzUg?oc=5
2026-02-27 02:51:43+08:00,Inside story: The six ‘guiding principles’ for an Iran–US deal - Amwaj.media,2,Bearish,,Amwaj.media,https://news.google.com/rss/articles/CBMilAFBVV95cUxNekRkdFBWOWpLY1BYU1B1OS03OV95czhaMk5XVElMMkFxODdqY042THJ6a0YxdUR5eElHcUpibHg1LTNHU0lJOXZHV0pDMXBWOFZSY3JQZDFZRjduUEUxelNERWZUaEVBWF9KSnd4b0poamJDYU1tNU9jSW0tMm1vRkZpTGZyZTVBQ0pKVDhYNkU5YTdx?oc=5
2026-02-27 04:19:16+08:00,Pentagon’s First Kamikaze Drone Unit Ready For Iran Strikes - Bloomberg.com,2,Bullish,,Bloomberg.com,https://news.google.com/rss/articles/CBMitAFBVV95cUxNZUxtQjlHT21ra3JDT0xQVjZXNDVfOGY4V2FxQk8wNGlGNTRWR2oxWGs4UmhTNF9yaEU2Qk9zVWhVc05VbFhVVHQ4bUh1YXI5VkNRdFkzNHBCLV9oTUlnRmhXTkdkWHp6QkFBOVNxSnFDcnVpMldyMkpBQm1lQkZOT00yempkS1YxSDE0eGtnU0NmZmJ0OEgzZVJWR2Z1aXI5dVd2dGhZOC1mTVEwRGJrSWE1bjI?oc=5
2026-02-27 04:54:00+08:00,"Second GOP lawmaker backs Iran war powers act, barring ‘new information’ - The Hill",2,Bearish,,The Hill,https://news.google.com/rss/articles/CBMihwFBVV95cUxQa3VlU3E1R09ndWdXWFRiZzZlNENHeHE1LUhEeVlGZGV1NUM1ZnhTdVBaMDhORlh1U25wY09pLXBDNDU2czU1bUV0emhyY05mYnJCODFNZXd1TUxJQjVxbFlVcXVTMkdQR2dpVFc1VS1TYXIyMXJRdHNlUE9FZTNtMGtfdFZvYWfSAYwBQVVfeXFMTWE1YTlLcm50Q1E1ZXBIN2dUd2k5NUd0VzVaZnc3SElEcnE0ekJwemVwNnBMN2hpU25OZVZJZHh6emc2MlpURUxnX0lCbE0xU004WlRJS2wxYU9paUhWQ2hEQjh1NG9hVU55R3A1cDVTeTlsMnItd1NEZkQ3OUxxRzFvaTc3NVc0aHFKb0I?oc=5
2026-02-27 05:07:00+08:00,US and Iran wrap up latest nuclear talks without a deal as the risk of war looms - AP News,2,Bearish,,AP News,https://news.google.com/rss/articles/CBMilwFBVV95cUxPTHcwR3V4eUZtLU1GbFhsWElIb3BRX2lQSFBZY2YxZ3FHNk1pNFdCT093TDZyUVh2bmR2dWpkQnloTGJIaF9XdEU5ejExX2xQblpHME5NeXdseGxxVUkwMFJjVTJnRE1YSzdyRWt2ZGVpZWFjUUVIWkJTaHdvMjNGNGdMbUktU05ERnp2bXN5cURrOGVpTUlV?oc=5
2026-02-27 06:49:14+08:00,'Significant progress' in US-Iran talks - but no deal - as negotiations to resume next week - Sky News,2,Bearish,,Sky News,https://news.google.com/rss/articles/CBMivgFBVV95cUxPdXVHSVRLSTRCbjh1X2RXVEJ6WjMtZkYwT1NuSDBtMmZaTHJqbzIwWm9pN0F3elJBMzVaTnlsZWRXZmZQTmR5QTN4NjJhWnBUaXZfTkNvbjl1NjJLaXJ1VDVYMHBEb2s5eHYxQnFJUWZIYzYwR3cxeU5CQ0FfOWxhdmVJbWdFanE1TUVQM1l6WlhwbjQ0Q0ZnV08wUkxxT3JsTDFHa0ZnTGppZzNKR21JNHJFdGlLMjFZdF9sQ2VB?oc=5
2026-02-27 09:02:45+08:00,Top U.S. commander in the Middle East briefs Trump on Iran options - Axios,2,Bullish,,Axios,https://news.google.com/rss/articles/CBMifEFVX3lxTE02SWRIMy1pVkhRTGdxMGRpVmdKRXIyUUVkNXhRSHp5Z0xLMTQ3V0hWOWtzOXh5WU42UE9UQl9QTXFsUW9iSk9BYjlqbGVueW9FcjA2a19zeXFXVUVEM0lfQVZma18zLUZTdFltZEtxWTRmNVJPX2lhckVILXg?oc=5
2026-02-27 10:58:41+08:00,Vance: ‘No chance’ U.S. will be in drawn-out war in Middle East - The Washington Post,2,Bearish,,The Washington Post,https://news.google.com/rss/articles/CBMipwFBVV95cUxPRkdrTXNXWTBsMVRTNk51dS1vaml0QXBYSzlQckpybFVtXzZja2hyNXktanR0dnR3b25uNjRQSWNza2M0U25aRFZPc1hvT3NIbVpOOUxmdWhDNERDcHRVSUU3RDQ4X2xmeXpncHl2aW5qRXFBejJOUkRobEVLZ0RoT0piVy1kR1d3NUNRVEZMVXA1dnpoLXBZSThQYkpBRGFSandOWDh3UQ?oc=5
2026-02-27 11:52:00+08:00,"URGENT Trump Iranian missile claim unsupported by U.S. intelligence, say sources - Reuters",3,Bullish,,Reuters,https://news.google.com/rss/articles/CBMi1wFBVV95cUxOT2FySFY0NWd2NU1RSEVXUzA0T0E0Y08yaml3ekJZR2tLQ1RzUnBfVnNNVU5XdmhQYlZjcXpVbTN0OVRnRXVremFGZnZnWXFOaFRvcmUxYkswdXVfYVp6Sm9EMzBTa1h3b1BlRzVjVGowSkU2X1hqWThYdjhldmRLRHR4bU55MmdGRFdKSHk3NHlSODdHQnRGT3kyMk01RlVZWTAzMEVWdlFzUXJyU3gtNDZjRjE5SU9aTUxCYUFyX1Q5MVNwRzN6Y1BQM2hjWXZyUmdyYWR2MA?oc=5
